"words","freq","ordered"
"rti",3005,TRUE
"car",2549,TRUE
"today",2375,TRUE
"driving",2305,TRUE
"day",2294,TRUE
"girl",2259,TRUE
"gets",2259,TRUE
"ask",2253,TRUE
"tha",2220,TRUE
"tells",2218,TRUE
"hows",2216,TRUE
"breaks",2215,TRUE
"netneutrality",2112,TRUE
"google",1846,TRUE
"twitter",1845,TRUE
"access",1829,TRUE
"lose",1824,TRUE
"wikipedia",1817,TRUE
"rtwebsites",1797,TRUE
"pornhub",1794,TRUE
"ride",1754,TRUE
"snapchat",1495,TRUE
"driver",1386,TRUE
"hentaihaven",1349,TRUE
"drunk",1098,TRUE
"ambulance",1087,TRUE
"gtgtgtgtgtgtgtgtgt",1041,TRUE
"just",1009,TRUE
"see",843,TRUE
"never",831,TRUE
"rtme",818,TRUE
"trying",816,TRUE
"always",803,TRUE
"catch",761,TRUE
"online",753,TRUE
"parents",746,TRUE
"sister",741,TRUE
"sober",739,TRUE
"get",679,TRUE
"can",642,TRUE
"free",574,TRUE
"got",570,TRUE
"every",544,TRUE
"code",506,TRUE
"lyft",506,TRUE
"school",456,TRUE
"spot",450,TRUE
"home",438,TRUE
"like",407,TRUE
"eats",386,TRUE
"drivers",362,TRUE
"gonna",351,TRUE
"give",351,TRUE
"aint",338,TRUE
"said",327,TRUE
"promo",317,TRUE
"ceo",307,TRUE
"dont",305,TRUE
"bet",302,TRUE
"decided",302,TRUE
"wed",298,TRUE
"block",297,TRUE
"liberal",297,TRUE
"word",296,TRUE
"gun",294,TRUE
"youre",294,TRUE
"sales",293,TRUE
"bro",293,TRUE
"miss",293,TRUE
"regulat",292,TRUE
"verizon",292,TRUE
"keys",290,TRUE
"rtsay",281,TRUE
"send",267,TRUE
"rides",261,TRUE
"drive",255,TRUE
"use",253,TRUE
"cant",250,TRUE
"now",243,TRUE
"help",237,TRUE
"credit",235,TRUE
"instead",225,TRUE
"pay",215,TRUE
"rtmy",212,TRUE
"fuck",212,TRUE
"christmas",205,TRUE
"ago",203,TRUE
"time",203,TRUE
"please",192,TRUE
"airbnb",191,TRUE
"take",188,TRUE
"rtt",184,TRUE
"says",179,TRUE
"charged",177,TRUE
"taken",174,TRUE
"uber",173,TRUE
"instagram",173,TRUE
"bitcoin",172,TRUE
"ambulances",171,TRUE
"cing",171,TRUE
"rape",171,TRUE
"exist",171,TRUE
"new",163,TRUE
"ipad",163,TRUE
"mad",162,TRUE
"destination",161,TRUE
"lawsuit",161,TRUE
"rtthings",161,TRUE
"kickstarter",160,TRUE
"first",159,TRUE
"cash",159,TRUE
"dayyears",158,TRUE
"rtpeople",156,TRUE
"last",156,TRUE
"pinteres",156,TRUE
"make",154,TRUE
"ppl",154,TRUE
"emergency",152,TRUE
"rtblack",152,TRUE
"lmaooooo",151,TRUE
"going",150,TRUE
"room",149,TRUE
"creative",148,TRUE
"paidppl",148,TRUE
"uhauls",148,TRUE
"night",146,TRUE
"still",145,TRUE
"customer",145,TRUE
"need",143,TRUE
"think",142,TRUE
"taxi",141,TRUE
"people",140,TRUE
"using",140,TRUE
"reach",140,TRUE
"ban",140,TRUE
"getting",139,TRUE
"back",137,TRUE
"year",135,TRUE
"look",135,TRUE
"minute",134,TRUE
"team",132,TRUE
"shes",130,TRUE
"somehow",130,TRUE
"app",130,TRUE
"say",129,TRUE
"way",127,TRUE
"buckle",127,TRUE
"lacey",127,TRUE
"petsbetter",127,TRUE
"settle",126,TRUE
"found",123,TRUE
"well",121,TRUE
"mexican",120,TRUE
"know",118,TRUE
"asked",118,TRUE
"payments",117,TRUE
"rey",116,TRUE
"fights",114,TRUE
"order",112,TRUE
"want",111,TRUE
"love",111,TRUE
"legit",109,TRUE
"email",108,TRUE
"jewish",107,TRUE
"good",105,TRUE
"shows",105,TRUE
"told",104,TRUE
"state",103,TRUE
"connect",102,TRUE
"address",102,TRUE
"cab",100,TRUE
"city",100,TRUE
"cancels",100,TRUE
"belongs",100,TRUE
"thought",99,TRUE
"anguy",98,TRUE
"rtwaited",97,TRUE
"london",96,TRUE
"taking",95,TRUE
"man",94,TRUE
"ever",94,TRUE
"woman",94,TRUE
"jerusalem",94,TRUE
"jews",93,TRUE
"sorry",92,TRUE
"stars",91,TRUE
"rich",90,TRUE
"letter",89,TRUE
"ive",88,TRUE
"via",88,TRUE
"didnt",87,TRUE
"toronto",87,TRUE
"food",85,TRUE
"even",85,TRUE
"great",84,TRUE
"right",84,TRUE
"cabs",84,TRUE
"life",83,TRUE
"getoff",83,TRUE
"five",82,TRUE
"rtthe",82,TRUE
"work",81,TRUE
"ced",81,TRUE
"mcdonalds",81,TRUE
"hour",80,TRUE
"victims",80,TRUE
"second",80,TRUE
"open",80,TRUE
"india",80,TRUE
"follow",79,TRUE
"guy",78,TRUE
"listening",78,TRUE
"went",78,TRUE
"doesnt",76,TRUE
"stop",76,TRUE
"taxis",76,TRUE
"better",75,TRUE
"data",75,TRUE
"person",75,TRUE
"story",74,TRUE
"picked",74,TRUE
"much",74,TRUE
"lol",74,TRUE
"trip",72,TRUE
"weird",72,TRUE
"rtwhen",71,TRUE
"sign",70,TRUE
"music",70,TRUE
"york",70,TRUE
"giving",69,TRUE
"sit",69,TRUE
"face",69,TRUE
"outside",68,TRUE
"come",68,TRUE
"playing",67,TRUE
"friend",67,TRUE
"tell",67,TRUE
"settles",67,TRUE
"employee",66,TRUE
"ill",66,TRUE
"deliver",66,TRUE
"next",65,TRUE
"away",65,TRUE
"bee",65,TRUE
"two",64,TRUE
"accused",64,TRUE
"internet",64,TRUE
"laughed",64,TRUE
"twenty",64,TRUE
"pool",63,TRUE
"amazon",63,TRUE
"rtand",63,TRUE
"account",62,TRUE
"company",62,TRUE
"comedy",62,TRUE
"licence",62,TRUE
"service",61,TRUE
"surge",61,TRUE
"big",61,TRUE
"long",61,TRUE
"number",61,TRUE
"carpet",61,TRUE
"passenger",60,TRUE
"touch",60,TRUE
"waiting",60,TRUE
"shit",60,TRUE
"moves",60,TRUE
"profits",59,TRUE
"bargatzes",59,TRUE
"minuteshasnt",59,TRUE
"nate",59,TRUE
"rtwhy",58,TRUE
"flying",58,TRUE
"set",58,TRUE
"medical",58,TRUE
"black",57,TRUE
"rtso",57,TRUE
"text",56,TRUE
"destruction",56,TRUE
"unleashing",56,TRUE
"lmao",55,TRUE
"breach",55,TRUE
"top",55,TRUE
"victim",55,TRUE
"hear",54,TRUE
"mer",54,TRUE
"news",54,TRUE
"assist",54,TRUE
"business",53,TRUE
"house",52,TRUE
"may",52,TRUE
"launch",52,TRUE
"happened",52,TRUE
"users",51,TRUE
"started",51,TRUE
"around",51,TRUE
"sent",51,TRUE
"sexual",51,TRUE
"former",51,TRUE
"couldnt",51,TRUE
"party",51,TRUE
"left",50,TRUE
"let",50,TRUE
"talking",50,TRUE
"timed",50,TRUE
"tofree",49,TRUE
"real",49,TRUE
"feel",49,TRUE
"hungry",49,TRUE
"tonight",49,TRUE
"yeah",49,TRUE
"link",49,TRUE
"paid",49,TRUE
"rthahayo",49,TRUE
"job",48,TRUE
"lyftlyft",48,TRUE
"litery",48,TRUE
"game",48,TRUE
"fucking",48,TRUE
"week",47,TRUE
"seescommercial",47,TRUE
"hes",47,TRUE
"river",47,TRUE
"thank",47,TRUE
"best",47,TRUE
"traffic",47,TRUE
"software",47,TRUE
"many",47,TRUE
"downtown",47,TRUE
"charges",47,TRUE
"support",46,TRUE
"apologizes",46,TRUE
"harassment",46,TRUE
"end",46,TRUE
"thanks",45,TRUE
"services",45,TRUE
"happy",45,TRUE
"tyler",45,TRUE
"message",45,TRUE
"keep",45,TRUE
"billed",45,TRUE
"guys",44,TRUE
"almost",44,TRUE
"gives",44,TRUE
"ass",44,TRUE
"fastest",44,TRUE
"guests",44,TRUE
"talk",44,TRUE
"without",44,TRUE
"safe",43,TRUE
"jacobs",43,TRUE
"late",43,TRUE
"rthey",42,TRUE
"turn",42,TRUE
"anor",42,TRUE
"security",42,TRUE
"heard",42,TRUE
"bad",42,TRUE
"hate",42,TRUE
"find",41,TRUE
"viaso",41,TRUE
"gift",41,TRUE
"isnt",41,TRUE
"atso",41,TRUE
"might",41,TRUE
"made",41,TRUE
"rtif",41,TRUE
"banned",41,TRUE
"sure",40,TRUE
"embraer",40,TRUE
"save",40,TRUE
"cold",40,TRUE
"pick",40,TRUE
"since",40,TRUE
"wont",40,TRUE
"stopped",40,TRUE
"needs",40,TRUE
"contact",40,TRUE
"saying",40,TRUE
"show",40,TRUE
"report",40,TRUE
"tried",40,TRUE
"council",40,TRUE
"engineer",40,TRUE
"waymo",39,TRUE
"rta",39,TRUE
"wrong",39,TRUE
"pricing",39,TRUE
"start",39,TRUE
"hacking",39,TRUE
"also",39,TRUE
"damn",39,TRUE
"facebook",39,TRUE
"thats",39,TRUE
"rtin",39,TRUE
"investor",39,TRUE
"refuses",39,TRUE
"eat",39,TRUE
"turned",38,TRUE
"nice",38,TRUE
"airport",38,TRUE
"actuy",38,TRUE
"check",38,TRUE
"joke",38,TRUE
"res",38,TRUE
"asking",38,TRUE
"took",38,TRUE
"biggest",37,TRUE
"across",37,TRUE
"bus",37,TRUE
"criminal",37,TRUE
"rtimagine",37,TRUE
"cancel",36,TRUE
"world",36,TRUE
"god",36,TRUE
"trouble",36,TRUE
"wanna",36,TRUE
"court",36,TRUE
"deal",36,TRUE
"old",36,TRUE
"rtim",36,TRUE
"american",36,TRUE
"closer",35,TRUE
"rating",35,TRUE
"info",35,TRUE
"thing",35,TRUE
"four",35,TRUE
"tech",35,TRUE
"hit",35,TRUE
"month",35,TRUE
"try",35,TRUE
"play",35,TRUE
"rival",35,TRUE
"already",34,TRUE
"yes",34,TRUE
"claim",34,TRUE
"video",34,TRUE
"asks",34,TRUE
"cuz",34,TRUE
"appeal",34,TRUE
"yearold",33,TRUE
"delivery",33,TRUE
"far",33,TRUE
"spoke",33,TRUE
"friends",33,TRUE
"coupon",33,TRUE
"bitch",33,TRUE
"rider",33,TRUE
"license",33,TRUE
"direct",32,TRUE
"one",32,TRUE
"hing",32,TRUE
"surveillance",32,TRUE
"ripple",32,TRUE
"song",32,TRUE
"steventue",32,TRUE
"area",32,TRUE
"road",32,TRUE
"enter",31,TRUE
"fare",31,TRUE
"dude",31,TRUE
"saw",31,TRUE
"working",31,TRUE
"whole",31,TRUE
"rtan",31,TRUE
"wait",31,TRUE
"used",31,TRUE
"charge",31,TRUE
"records",31,TRUE
"raped",30,TRUE
"makes",30,TRUE
"tax",30,TRUE
"drink",30,TRUE
"police",30,TRUE
"toty",30,TRUE
"put",30,TRUE
"weve",30,TRUE
"cars",30,TRUE
"riders",30,TRUE
"drop",30,TRUE
"offering",30,TRUE
"making",30,TRUE
"lawsuitdecsee",30,TRUE
"technology",29,TRUE
"worst",29,TRUE
"heres",29,TRUE
"costs",29,TRUE
"cost",29,TRUE
"snow",29,TRUE
"family",29,TRUE
"cool",29,TRUE
"xrp",29,TRUE
"little",29,TRUE
"least",29,TRUE
"looking",29,TRUE
"becomes",29,TRUE
"definitely",29,TRUE
"welcome",29,TRUE
"lets",29,TRUE
"personal",29,TRUE
"idea",28,TRUE
"gave",28,TRUE
"telling",28,TRUE
"entire",28,TRUE
"yre",28,TRUE
"rtyork",28,TRUE
"live",28,TRUE
"san",28,TRUE
"avalanche",28,TRUE
"mediaentertai",28,TRUE
"rtcourageous",28,TRUE
"triggering",28,TRUE
"bags",28,TRUE
"problem",27,TRUE
"profit",27,TRUE
"response",27,TRUE
"change",27,TRUE
"firstorders",27,TRUE
"later",27,TRUE
"cancelled",27,TRUE
"cards",27,TRUE
"following",27,TRUE
"crazy",27,TRUE
"claims",27,TRUE
"companies",27,TRUE
"liked",27,TRUE
"fares",27,TRUE
"high",27,TRUE
"nyc",27,TRUE
"btc",27,TRUE
"operate",27,TRUE
"orderedworth",27,TRUE
"obtaining",27,TRUE
"employees",26,TRUE
"stadium",26,TRUE
"stadiumgo",26,TRUE
"gps",26,TRUE
"omg",26,TRUE
"coming",26,TRUE
"style",26,TRUE
"pretty",26,TRUE
"hard",26,TRUE
"extra",26,TRUE
"codes",26,TRUE
"lost",26,TRUE
"country",26,TRUE
"name",26,TRUE
"drives",26,TRUE
"wife",26,TRUE
"hey",25,TRUE
"eso",25,TRUE
"including",25,TRUE
"list",25,TRUE
"mean",25,TRUE
"arrived",25,TRUE
"usage",25,TRUE
"startup",25,TRUE
"nearly",25,TRUE
"hope",25,TRUE
"prices",25,TRUE
"terrible",25,TRUE
"supposed",25,TRUE
"full",25,TRUE
"fee",25,TRUE
"whats",25,TRUE
"wanted",25,TRUE
"questions",25,TRUE
"longer",25,TRUE
"rtwhat",25,TRUE
"details",25,TRUE
"care",25,TRUE
"capital",25,TRUE
"blow",25,TRUE
"killing",25,TRUE
"rush",25,TRUE
"executives",25,TRUE
"college",24,TRUE
"run",24,TRUE
"experience",24,TRUE
"looks",24,TRUE
"rtjust",24,TRUE
"department",24,TRUE
"useto",24,TRUE
"mine",24,TRUE
"secrets",24,TRUE
"probably",24,TRUE
"released",24,TRUE
"wish",24,TRUE
"goes",24,TRUE
"price",24,TRUE
"sex",24,TRUE
"takes",24,TRUE
"investigation",24,TRUE
"available",24,TRUE
"reuters",24,TRUE
"knew",24,TRUE
"lot",24,TRUE
"gtgt",24,TRUE
"palihapitiya",24,TRUE
"tragedy",24,TRUE
"refused",24,TRUE
"ridesharing",24,TRUE
"opened",23,TRUE
"offer",23,TRUE
"amin",23,TRUE
"win",23,TRUE
"aminute",23,TRUE
"stole",23,TRUE
"minutes",23,TRUE
"reason",23,TRUE
"case",23,TRUE
"card",23,TRUE
"apple",23,TRUE
"nah",23,TRUE
"turning",23,TRUE
"media",23,TRUE
"though",23,TRUE
"hang",23,TRUE
"behind",23,TRUE
"ridehailing",23,TRUE
"cancer",23,TRUE
"rtuber",23,TRUE
"years",22,TRUE
"straight",22,TRUE
"major",22,TRUE
"weekend",22,TRUE
"buses",22,TRUE
"holiday",22,TRUE
"things",22,TRUE
"train",22,TRUE
"justice",22,TRUE
"attorney",22,TRUE
"study",22,TRUE
"recent",22,TRUE
"riding",22,TRUE
"keeps",22,TRUE
"dropped",22,TRUE
"renew",22,TRUE
"appur",22,TRUE
"revealed",22,TRUE
"monday",22,TRUE
"firm",22,TRUE
"location",22,TRUE
"white",22,TRUE
"eliminated",22,TRUE
"wealthy",22,TRUE
"prince",22,TRUE
"chamath",22,TRUE
"renewal",22,TRUE
"romance",22,TRUE
"intimacy",22,TRUE
"marketcap",22,TRUE
"sameyears",22,TRUE
"tobillion",22,TRUE
"tobillionhow",22,TRUE
"tho",21,TRUE
"hell",21,TRUE
"reduces",21,TRUE
"tomorrow",21,TRUE
"mistake",21,TRUE
"tories",21,TRUE
"wasnt",21,TRUE
"chance",21,TRUE
"request",21,TRUE
"believe",21,TRUE
"smell",21,TRUE
"rthi",21,TRUE
"enough",21,TRUE
"finy",21,TRUE
"furr",21,TRUE
"hospital",21,TRUE
"half",21,TRUE
"private",21,TRUE
"hours",21,TRUE
"realize",21,TRUE
"expected",21,TRUE
"ready",21,TRUE
"wonder",21,TRUE
"pitch",21,TRUE
"rtdarkest",21,TRUE
"gangis",21,TRUE
"milkhy",21,TRUE
"filed",21,TRUE
"snitch",21,TRUE
"chemorapy",21,TRUE
"effects",21,TRUE
"joans",21,TRUE
"rterik",21,TRUE
"surgery",21,TRUE
"read",20,TRUE
"must",20,TRUE
"walk",20,TRUE
"replaced",20,TRUE
"trans",20,TRUE
"gtfouse",20,TRUE
"drove",20,TRUE
"local",20,TRUE
"fowler",20,TRUE
"yet",20,TRUE
"star",20,TRUE
"ubercomp",20,TRUE
"stupid",20,TRUE
"bar",20,TRUE
"something",20,TRUE
"times",20,TRUE
"mom",20,TRUE
"wants",20,TRUE
"http",20,TRUE
"third",20,TRUE
"maybe",20,TRUE
"rts",20,TRUE
"sound",20,TRUE
"eagles",20,TRUE
"falcons",20,TRUE
"nfl",20,TRUE
"nygiants",20,TRUE
"nyjets",20,TRUE
"patriots",20,TRUE
"rapper",20,TRUE
"steelers",20,TRUE
"wtlewikileaks",20,TRUE
"robot",20,TRUE
"evacuation",20,TRUE
"share",19,TRUE
"pornh",19,TRUE
"morning",19,TRUE
"seriously",19,TRUE
"side",19,TRUE
"huge",19,TRUE
"insane",19,TRUE
"raping",19,TRUE
"days",19,TRUE
"vex",19,TRUE
"wow",19,TRUE
"smells",19,TRUE
"idk",19,TRUE
"light",19,TRUE
"thinking",19,TRUE
"richard",19,TRUE
"trial",19,TRUE
"rther",19,TRUE
"cause",19,TRUE
"sweet",19,TRUE
"meet",19,TRUE
"startups",19,TRUE
"drama",19,TRUE
"amid",19,TRUE
"hacker",19,TRUE
"will",19,TRUE
"station",19,TRUE
"kid",19,TRUE
"knows",19,TRUE
"exec",19,TRUE
"past",19,TRUE
"mestars",19,TRUE
"passengers",19,TRUE
"broke",18,TRUE
"corporate",18,TRUE
"mdmrnxueuse",18,TRUE
"freelyft",18,TRUE
"nights",18,TRUE
"quizlet",18,TRUE
"sparkes",18,TRUE
"early",18,TRUE
"clearly",18,TRUE
"cut",18,TRUE
"public",18,TRUE
"rtsober",18,TRUE
"susan",18,TRUE
"remember",18,TRUE
"picking",18,TRUE
"speak",18,TRUE
"leave",18,TRUE
"die",18,TRUE
"pull",18,TRUE
"charging",18,TRUE
"near",18,TRUE
"become",18,TRUE
"bout",18,TRUE
"anything",18,TRUE
"place",18,TRUE
"wearing",18,TRUE
"issue",18,TRUE
"door",18,TRUE
"baby",18,TRUE
"rtits",18,TRUE
"snapc",18,TRUE
"witout",18,TRUE
"earnings",18,TRUE
"rtlyft",18,TRUE
"apps",18,TRUE
"buress",18,TRUE
"dark",18,TRUE
"chenges",18,TRUE
"favorite",18,TRUE
"deck",18,TRUE
"workima",18,TRUE
"eve",17,TRUE
"point",17,TRUE
"literally",17,TRUE
"advantage",17,TRUE
"expensive",17,TRUE
"buy",17,TRUE
"line",17,TRUE
"chosen",17,TRUE
"rtevery",17,TRUE
"bank",17,TRUE
"hack",17,TRUE
"bill",17,TRUE
"privacy",17,TRUE
"taxify",17,TRUE
"true",17,TRUE
"law",17,TRUE
"seems",17,TRUE
"everywe",17,TRUE
"able",17,TRUE
"withdjh",17,TRUE
"accept",17,TRUE
"stuck",17,TRUE
"snap",17,TRUE
"blunder",17,TRUE
"hst",17,TRUE
"ofim",17,TRUE
"sudden",17,TRUE
"dem",17,TRUE
"social",17,TRUE
"serious",17,TRUE
"venture",17,TRUE
"safety",17,TRUE
"strong",17,TRUE
"base",17,TRUE
"cop",17,TRUE
"given",17,TRUE
"rtidentity",17,TRUE
"value",17,TRUE
"pitches",17,TRUE
"matter",16,TRUE
"seat",16,TRUE
"ordered",16,TRUE
"create",16,TRUE
"okay",16,TRUE
"netflix",16,TRUE
"intelligence",16,TRUE
"tory",16,TRUE
"window",16,TRUE
"gnment",16,TRUE
"decades",16,TRUE
"engi",16,TRUE
"transport",16,TRUE
"currently",16,TRUE
"discount",16,TRUE
"learned",16,TRUE
"niggas",16,TRUE
"soon",16,TRUE
"english",16,TRUE
"pass",16,TRUE
"havent",16,TRUE
"followed",16,TRUE
"sick",16,TRUE
"complete",16,TRUE
"conversation",16,TRUE
"imagine",16,TRUE
"onto",16,TRUE
"inmation",16,TRUE
"largest",16,TRUE
"journey",16,TRUE
"grab",16,TRUE
"watch",16,TRUE
"gotta",16,TRUE
"heads",16,TRUE
"post",16,TRUE
"moved",16,TRUE
"wage",16,TRUE
"departs",16,TRUE
"miami",16,TRUE
"book",16,TRUE
"boy",16,TRUE
"latest",16,TRUE
"folks",16,TRUE
"net",16,TRUE
"women",16,TRUE
"ran",16,TRUE
"front",16,TRUE
"suspended",16,TRUE
"rtyour",16,TRUE
"liam",15,TRUE
"listen",15,TRUE
"shut",15,TRUE
"delivered",15,TRUE
"noon",15,TRUE
"tryna",15,TRUE
"rtlocal",15,TRUE
"underst",15,TRUE
"gas",15,TRUE
"fans",15,TRUE
"footb",15,TRUE
"download",15,TRUE
"amount",15,TRUE
"unsealed",15,TRUE
"dumb",15,TRUE
"connected",15,TRUE
"santa",15,TRUE
"radio",15,TRUE
"lady",15,TRUE
"beats",15,TRUE
"wear",15,TRUE
"bring",15,TRUE
"prison",15,TRUE
"street",15,TRUE
"summer",15,TRUE
"rtdont",15,TRUE
"pivar",15,TRUE
"announce",15,TRUE
"african",15,TRUE
"inconvenience",15,TRUE
"question",15,TRUE
"florida",15,TRUE
"trips",15,TRUE
"mcnuggets",15,TRUE
"minimum",15,TRUE
"oftoper",15,TRUE
"rtsydney",15,TRUE
"spend",15,TRUE
"short",15,TRUE
"debt",15,TRUE
"minicab",15,TRUE
"launched",15,TRUE
"eyes",15,TRUE
"jason",14,TRUE
"interesting",14,TRUE
"route",14,TRUE
"lil",14,TRUE
"min",14,TRUE
"respond",14,TRUE
"restaurant",14,TRUE
"county",14,TRUE
"rtthanks",14,TRUE
"drinking",14,TRUE
"competition",14,TRUE
"thouss",14,TRUE
"rates",14,TRUE
"muslim",14,TRUE
"hstly",14,TRUE
"affected",14,TRUE
"chief",14,TRUE
"kumasi",14,TRUE
"manstarti",14,TRUE
"mighana",14,TRUE
"rtlmaoo",14,TRUE
"wai",14,TRUE
"fair",14,TRUE
"nigga",14,TRUE
"rtus",14,TRUE
"accuses",14,TRUE
"mins",14,TRUE
"model",14,TRUE
"absolutely",14,TRUE
"super",14,TRUE
"due",14,TRUE
"refund",14,TRUE
"tweets",14,TRUE
"cheaper",14,TRUE
"selfdriving",14,TRUE
"twice",14,TRUE
"piglet",14,TRUE
"rtoh",14,TRUE
"companys",14,TRUE
"popular",14,TRUE
"arent",14,TRUE
"camera",14,TRUE
"planning",14,TRUE
"apparently",14,TRUE
"mild",14,TRUE
"bug",14,TRUE
"palestine",14,TRUE
"spent",14,TRUE
"innocent",14,TRUE
"rttheyll",14,TRUE
"recordscnet",14,TRUE
"ofto",14,TRUE
"servicesare",14,TRUE
"insurance",13,TRUE
"sports",13,TRUE
"cheap",13,TRUE
"suck",13,TRUE
"confirms",13,TRUE
"competitive",13,TRUE
"date",13,TRUE
"britain",13,TRUE
"finishing",13,TRUE
"wtf",13,TRUE
"canceled",13,TRUE
"slow",13,TRUE
"federal",13,TRUE
"campus",13,TRUE
"dead",13,TRUE
"part",13,TRUE
"strikes",13,TRUE
"fails",13,TRUE
"invite",13,TRUE
"officer",13,TRUE
"streets",13,TRUE
"earlier",13,TRUE
"backseat",13,TRUE
"fun",13,TRUE
"founded",13,TRUE
"generation",13,TRUE
"immigrants",13,TRUE
"unless",13,TRUE
"fuckin",13,TRUE
"shares",13,TRUE
"single",13,TRUE
"everys",13,TRUE
"everything",13,TRUE
"hasnt",13,TRUE
"write",13,TRUE
"rate",13,TRUE
"dad",13,TRUE
"program",13,TRUE
"hello",13,TRUE
"excited",13,TRUE
"machine",13,TRUE
"massive",13,TRUE
"saturday",13,TRUE
"three",13,TRUE
"swear",13,TRUE
"lived",13,TRUE
"partnerships",13,TRUE
"snowing",13,TRUE
"kids",13,TRUE
"seen",13,TRUE
"ten",13,TRUE
"travel",13,TRUE
"piece",13,TRUE
"meal",13,TRUE
"club",13,TRUE
"pulled",13,TRUE
"canada",13,TRUE
"ink",13,TRUE
"large",13,TRUE
"rtbreaking",13,TRUE
"different",13,TRUE
"retweet",13,TRUE
"judge",13,TRUE
"laurence",13,TRUE
"celebrity",13,TRUE
"cries",13,TRUE
"sits",13,TRUE
"buying",13,TRUE
"option",13,TRUE
"content",13,TRUE
"maam",13,TRUE
"comes",13,TRUE
"born",13,TRUE
"israeli",13,TRUE
"town",13,TRUE
"hopped",13,TRUE
"rtat",13,TRUE
"rytried",13,TRUE
"suburbanites",13,TRUE
"theresistance",13,TRUE
"centers",13,TRUE
"fieldgo",12,TRUE
"busiest",12,TRUE
"hoween",12,TRUE
"pix",12,TRUE
"paying",12,TRUE
"cities",12,TRUE
"uses",12,TRUE
"fake",12,TRUE
"rtdo",12,TRUE
"rtyou",12,TRUE
"infamous",12,TRUE
"odious",12,TRUE
"rttory",12,TRUE
"sights",12,TRUE
"answer",12,TRUE
"felt",12,TRUE
"park",12,TRUE
"dusk",12,TRUE
"grayling",12,TRUE
"parking",12,TRUE
"kind",12,TRUE
"girls",12,TRUE
"funny",12,TRUE
"trump",12,TRUE
"vehicle",12,TRUE
"sharing",12,TRUE
"son",12,TRUE
"quick",12,TRUE
"talented",12,TRUE
"shouldnt",12,TRUE
"tired",12,TRUE
"review",12,TRUE
"messages",12,TRUE
"version",12,TRUE
"dec",12,TRUE
"sitting",12,TRUE
"sometimes",12,TRUE
"uemiguelt",12,TRUE
"exactly",12,TRUE
"partnership",12,TRUE
"iph",12,TRUE
"enjoy",12,TRUE
"visit",12,TRUE
"resigns",12,TRUE
"spa",12,TRUE
"svin",12,TRUE
"names",12,TRUE
"tip",12,TRUE
"sheffield",12,TRUE
"office",12,TRUE
"reply",12,TRUE
"issues",12,TRUE
"six",12,TRUE
"fault",12,TRUE
"red",12,TRUE
"opens",12,TRUE
"booking",12,TRUE
"rton",12,TRUE
"solo",12,TRUE
"discrimination",12,TRUE
"hannibal",12,TRUE
"sucks",12,TRUE
"plow",12,TRUE
"reveling",12,TRUE
"according",12,TRUE
"toto",12,TRUE
"stancewhips",12,TRUE
"occupation",12,TRUE
"ofl",12,TRUE
"rtsome",12,TRUE
"brb",12,TRUE
"rtfriday",12,TRUE
"move",11,TRUE
"appreciate",11,TRUE
"uncle",11,TRUE
"industry",11,TRUE
"cleo",11,TRUE
"howsurvives",11,TRUE
"headin",11,TRUE
"crypto",11,TRUE
"benefits",11,TRUE
"break",11,TRUE
"normy",11,TRUE
"lyftcredit",11,TRUE
"crying",11,TRUE
"egedly",11,TRUE
"ric",11,TRUE
"rthow",11,TRUE
"class",11,TRUE
"trucks",11,TRUE
"mind",11,TRUE
"plus",11,TRUE
"rude",11,TRUE
"rself",11,TRUE
"thinks",11,TRUE
"couple",11,TRUE
"legal",11,TRUE
"water",11,TRUE
"whose",11,TRUE
"stay",11,TRUE
"statement",11,TRUE
"interview",11,TRUE
"credits",11,TRUE
"brown",11,TRUE
"customers",11,TRUE
"network",11,TRUE
"total",11,TRUE
"broken",11,TRUE
"exposed",11,TRUE
"chill",11,TRUE
"proud",11,TRUE
"rtdid",11,TRUE
"rtit",11,TRUE
"head",11,TRUE
"probe",11,TRUE
"future",11,TRUE
"less",11,TRUE
"das",11,TRUE
"means",11,TRUE
"middle",11,TRUE
"system",11,TRUE
"fight",11,TRUE
"chinese",11,TRUE
"came",11,TRUE
"learn",11,TRUE
"orange",11,TRUE
"apartment",11,TRUE
"kinda",11,TRUE
"guess",11,TRUE
"providing",11,TRUE
"nyt",11,TRUE
"accidenty",11,TRUE
"cute",11,TRUE
"learning",11,TRUE
"payment",11,TRUE
"mexico",11,TRUE
"beware",11,TRUE
"nightout",11,TRUE
"rtkickstarting",11,TRUE
"lloyd",11,TRUE
"rtpick",10,TRUE
"exposes",10,TRUE
"spy",10,TRUE
"tactics",10,TRUE
"derulos",10,TRUE
"shop",10,TRUE
"flight",10,TRUE
"bye",10,TRUE
"looked",10,TRUE
"act",10,TRUE
"asleep",10,TRUE
"stuff",10,TRUE
"eging",10,TRUE
"updated",10,TRUE
"ofbillion",10,TRUE
"reminder",10,TRUE
"tesla",10,TRUE
"spreading",10,TRUE
"rtalso",10,TRUE
"fucked",10,TRUE
"apologize",10,TRUE
"double",10,TRUE
"met",10,TRUE
"ibex",10,TRUE
"fact",10,TRUE
"group",10,TRUE
"dove",10,TRUE
"pepsi",10,TRUE
"purchase",10,TRUE
"walked",10,TRUE
"control",10,TRUE
"hot",10,TRUE
"treat",10,TRUE
"else",10,TRUE
"power",10,TRUE
"places",10,TRUE
"lit",10,TRUE
"mega",10,TRUE
"provider",10,TRUE
"freebie",10,TRUE
"page",10,TRUE
"glad",10,TRUE
"movie",10,TRUE
"sexy",10,TRUE
"british",10,TRUE
"added",10,TRUE
"rtdear",10,TRUE
"silent",10,TRUE
"jobs",10,TRUE
"accident",10,TRUE
"eir",10,TRUE
"needed",10,TRUE
"partner",10,TRUE
"concern",10,TRUE
"taylor",10,TRUE
"plan",10,TRUE
"months",10,TRUE
"mak",10,TRUE
"rtany",10,TRUE
"xrapid",10,TRUE
"secret",10,TRUE
"givesin",10,TRUE
"moore",10,TRUE
"faster",10,TRUE
"feeling",10,TRUE
"yesterday",10,TRUE
"creepy",10,TRUE
"delete",10,TRUE
"hair",10,TRUE
"reading",10,TRUE
"beach",10,TRUE
"starts",10,TRUE
"states",10,TRUE
"chicago",10,TRUE
"dollars",10,TRUE
"rar",10,TRUE
"steal",10,TRUE
"gon",10,TRUE
"apply",10,TRUE
"title",10,TRUE
"delivering",10,TRUE
"beat",10,TRUE
"discounts",10,TRUE
"pissed",10,TRUE
"sun",10,TRUE
"dogs",10,TRUE
"tolerated",10,TRUE
"hacked",10,TRUE
"played",10,TRUE
"kill",10,TRUE
"ima",10,TRUE
"boom",10,TRUE
"somewe",10,TRUE
"reality",10,TRUE
"tweet",10,TRUE
"yorkvia",10,TRUE
"claimed",10,TRUE
"rep",10,TRUE
"messiah",10,TRUE
"religion",10,TRUE
"worship",10,TRUE
"arrest",10,TRUE
"june",10,TRUE
"farting",10,TRUE
"kevin",10,TRUE
"carnage",10,TRUE
"mam",10,TRUE
"passport",10,TRUE
"ice",9,TRUE
"rtr",9,TRUE
"seem",9,TRUE
"individuals",9,TRUE
"spied",9,TRUE
"avoided",9,TRUE
"livid",9,TRUE
"rish",9,TRUE
"heineken",9,TRUE
"cancellation",9,TRUE
"fees",9,TRUE
"asshole",9,TRUE
"appuse",9,TRUE
"calinia",9,TRUE
"ordering",9,TRUE
"leaving",9,TRUE
"beautiful",9,TRUE
"fix",9,TRUE
"special",9,TRUE
"pls",9,TRUE
"rthere",9,TRUE
"sat",9,TRUE
"hearing",9,TRUE
"exclusive",9,TRUE
"passes",9,TRUE
"starting",9,TRUE
"hotel",9,TRUE
"became",9,TRUE
"everybody",9,TRUE
"codemdmrnxueuse",9,TRUE
"self",9,TRUE
"trust",9,TRUE
"driverless",9,TRUE
"type",9,TRUE
"pussy",9,TRUE
"hire",9,TRUE
"travis",9,TRUE
"explain",9,TRUE
"screwing",9,TRUE
"mile",9,TRUE
"loved",9,TRUE
"rip",9,TRUE
"asap",9,TRUE
"decision",9,TRUE
"investigate",9,TRUE
"multiple",9,TRUE
"brooklyn",9,TRUE
"sketchy",9,TRUE
"suit",9,TRUE
"capitalism",9,TRUE
"platm",9,TRUE
"market",9,TRUE
"possible",9,TRUE
"refuse",9,TRUE
"russian",9,TRUE
"cidate",9,TRUE
"roy",9,TRUE
"fridge",9,TRUE
"shame",9,TRUE
"showing",9,TRUE
"transportation",9,TRUE
"rtive",9,TRUE
"deadass",9,TRUE
"low",9,TRUE
"quality",9,TRUE
"rtis",9,TRUE
"received",9,TRUE
"smh",9,TRUE
"join",9,TRUE
"venmo",9,TRUE
"confirming",9,TRUE
"unseals",9,TRUE
"polls",9,TRUE
"gay",9,TRUE
"awesome",9,TRUE
"chat",9,TRUE
"rideshare",9,TRUE
"continue",9,TRUE
"portl",9,TRUE
"rtidea",9,TRUE
"driveway",9,TRUE
"correct",9,TRUE
"publid",9,TRUE
"killed",9,TRUE
"return",9,TRUE
"owner",9,TRUE
"stard",9,TRUE
"comtdelgro",9,TRUE
"fly",9,TRUE
"theyre",9,TRUE
"liars",9,TRUE
"damage",9,TRUE
"belowminimumwage",9,TRUE
"rtreminder",9,TRUE
"toddler",9,TRUE
"authority",9,TRUE
"port",9,TRUE
"occurred",9,TRUE
"quiet",9,TRUE
"protect",9,TRUE
"humans",9,TRUE
"makeup",9,TRUE
"novak",9,TRUE
"vagina",9,TRUE
"paynes",8,TRUE
"offered",8,TRUE
"availability",8,TRUE
"problems",8,TRUE
"toger",8,TRUE
"rtbitcoin",8,TRUE
"changing",8,TRUE
"site",8,TRUE
"graylingbus",8,TRUE
"sladby",8,TRUE
"named",8,TRUE
"rtsois",8,TRUE
"hustle",8,TRUE
"money",8,TRUE
"cheer",8,TRUE
"dress",8,TRUE
"thrilled",8,TRUE
"codeoath",8,TRUE
"walking",8,TRUE
"jesus",8,TRUE
"close",8,TRUE
"visiting",8,TRUE
"actual",8,TRUE
"uemigueltget",8,TRUE
"richmond",8,TRUE
"cops",8,TRUE
"regret",8,TRUE
"reported",8,TRUE
"atlanta",8,TRUE
"along",8,TRUE
"sis",8,TRUE
"daily",8,TRUE
"directions",8,TRUE
"mass",8,TRUE
"shoutout",8,TRUE
"assault",8,TRUE
"ing",8,TRUE
"angry",8,TRUE
"confirm",8,TRUE
"rtman",8,TRUE
"weed",8,TRUE
"reaching",8,TRUE
"kept",8,TRUE
"boys",8,TRUE
"nightmare",8,TRUE
"whilst",8,TRUE
"kalanick",8,TRUE
"talks",8,TRUE
"attention",8,TRUE
"youtube",8,TRUE
"season",8,TRUE
"nashville",8,TRUE
"stick",8,TRUE
"picture",8,TRUE
"watching",8,TRUE
"rtlike",8,TRUE
"boss",8,TRUE
"republicans",8,TRUE
"spanish",8,TRUE
"store",8,TRUE
"tfl",8,TRUE
"showed",8,TRUE
"awkward",8,TRUE
"expect",8,TRUE
"rttalking",8,TRUE
"arrive",8,TRUE
"living",8,TRUE
"eating",8,TRUE
"losing",8,TRUE
"poor",8,TRUE
"trumps",8,TRUE
"pools",8,TRUE
"fool",8,TRUE
"anywe",8,TRUE
"dropping",8,TRUE
"truck",8,TRUE
"tops",8,TRUE
"shot",8,TRUE
"promocode",8,TRUE
"responded",8,TRUE
"waited",8,TRUE
"dinner",8,TRUE
"vey",8,TRUE
"bombing",8,TRUE
"financial",8,TRUE
"cras",8,TRUE
"workers",8,TRUE
"agree",8,TRUE
"swift",8,TRUE
"sad",8,TRUE
"choice",8,TRUE
"referral",8,TRUE
"step",8,TRUE
"seattlearea",8,TRUE
"sticking",8,TRUE
"common",8,TRUE
"rideroadshow",8,TRUE
"somes",8,TRUE
"launches",8,TRUE
"rebr",8,TRUE
"blog",8,TRUE
"center",8,TRUE
"killer",8,TRUE
"culture",8,TRUE
"bac",8,TRUE
"oau",8,TRUE
"pepsiconcert",8,TRUE
"situation",8,TRUE
"pays",8,TRUE
"april",8,TRUE
"accommodation",8,TRUE
"estateairbnb",8,TRUE
"savings",8,TRUE
"bed",8,TRUE
"beginning",8,TRUE
"chuxing",8,TRUE
"didi",8,TRUE
"disrupt",8,TRUE
"jets",8,TRUE
"rthouston",8,TRUE
"lake",8,TRUE
"hill",8,TRUE
"alcohol",8,TRUE
"rtsojust",8,TRUE
"singapore",8,TRUE
"carries",8,TRUE
"finessin",8,TRUE
"joins",8,TRUE
"determination",8,TRUE
"takingmins",8,TRUE
"payne",7,TRUE
"incredible",7,TRUE
"quite",7,TRUE
"authorities",7,TRUE
"lowers",7,TRUE
"spotify",7,TRUE
"gov",7,TRUE
"slippery",7,TRUE
"illegal",7,TRUE
"moving",7,TRUE
"aux",7,TRUE
"greater",7,TRUE
"inequality",7,TRUE
"tend",7,TRUE
"coax",7,TRUE
"fail",7,TRUE
"rest",7,TRUE
"rtembraer",7,TRUE
"general",7,TRUE
"america",7,TRUE
"nobody",7,TRUE
"postmates",7,TRUE
"income",7,TRUE
"current",7,TRUE
"lessons",7,TRUE
"ended",7,TRUE
"hurt",7,TRUE
"trade",7,TRUE
"activity",7,TRUE
"rental",7,TRUE
"hiring",7,TRUE
"crap",7,TRUE
"luck",7,TRUE
"passed",7,TRUE
"developer",7,TRUE
"rtnot",7,TRUE
"describe",7,TRUE
"farted",7,TRUE
"event",7,TRUE
"violent",7,TRUE
"ios",7,TRUE
"smart",7,TRUE
"thail",7,TRUE
"exact",7,TRUE
"strangers",7,TRUE
"hold",7,TRUE
"speaking",7,TRUE
"saved",7,TRUE
"selling",7,TRUE
"shout",7,TRUE
"inminutes",7,TRUE
"rtjob",7,TRUE
"central",7,TRUE
"north",7,TRUE
"complaint",7,TRUE
"bruh",7,TRUE
"rtcan",7,TRUE
"deserve",7,TRUE
"increase",7,TRUE
"dara",7,TRUE
"khosrowshahi",7,TRUE
"opposites",7,TRUE
"kindly",7,TRUE
"likes",7,TRUE
"missed",7,TRUE
"uemigueltmcdonalds",7,TRUE
"todays",7,TRUE
"concerns",7,TRUE
"driv",7,TRUE
"manager",7,TRUE
"update",7,TRUE
"scam",7,TRUE
"thread",7,TRUE
"denver",7,TRUE
"stops",7,TRUE
"moment",7,TRUE
"rideits",7,TRUE
"ahead",7,TRUE
"oftwice",7,TRUE
"blasting",7,TRUE
"michigan",7,TRUE
"nothing",7,TRUE
"fine",7,TRUE
"shitty",7,TRUE
"rtwe",7,TRUE
"singing",7,TRUE
"fell",7,TRUE
"ward",7,TRUE
"operating",7,TRUE
"men",7,TRUE
"rtsorry",7,TRUE
"friday",7,TRUE
"log",7,TRUE
"shouldve",7,TRUE
"linebus",7,TRUE
"lyftfree",7,TRUE
"rom",7,TRUE
"lyrics",7,TRUE
"songs",7,TRUE
"databreach",7,TRUE
"worth",7,TRUE
"catching",7,TRUE
"seatbelt",7,TRUE
"snag",7,TRUE
"pre",7,TRUE
"laughing",7,TRUE
"freebies",7,TRUE
"madness",7,TRUE
"wit",7,TRUE
"numb",7,TRUE
"prius",7,TRUE
"aposs",7,TRUE
"bonus",7,TRUE
"silicon",7,TRUE
"bay",7,TRUE
"tune",7,TRUE
"claiming",7,TRUE
"texas",7,TRUE
"sooooo",7,TRUE
"hig",7,TRUE
"buddy",7,TRUE
"pickup",7,TRUE
"kills",7,TRUE
"vote",7,TRUE
"philadelphia",7,TRUE
"knowledge",7,TRUE
"grow",7,TRUE
"despite",7,TRUE
"efts",7,TRUE
"clean",7,TRUE
"cokee",7,TRUE
"suv",7,TRUE
"commissir",7,TRUE
"catering",7,TRUE
"kitchens",7,TRUE
"takeoutonly",7,TRUE
"partners",7,TRUE
"vegas",7,TRUE
"sheeran",7,TRUE
"sexuy",7,TRUE
"feet",7,TRUE
"superior",7,TRUE
"track",7,TRUE
"rtfriend",7,TRUE
"londons",7,TRUE
"outta",7,TRUE
"annoyed",7,TRUE
"rap",7,TRUE
"skip",7,TRUE
"reasons",7,TRUE
"xmas",7,TRUE
"reliable",7,TRUE
"mal",7,TRUE
"salt",7,TRUE
"racist",7,TRUE
"jacksonville",7,TRUE
"build",7,TRUE
"technologies",7,TRUE
"laugh",7,TRUE
"goddess",7,TRUE
"inebriated",7,TRUE
"kicki",7,TRUE
"pickuppeople",7,TRUE
"progressclark",7,TRUE
"rtcriminal",7,TRUE
"strike",7,TRUE
"ecosystem",7,TRUE
"labased",7,TRUE
"tala",7,TRUE
"driven",6,TRUE
"happen",6,TRUE
"currencies",6,TRUE
"nowthey",6,TRUE
"slope",6,TRUE
"unregulate",6,TRUE
"watched",6,TRUE
"egations",6,TRUE
"designated",6,TRUE
"truth",6,TRUE
"fast",6,TRUE
"vaguely",6,TRUE
"foodie",6,TRUE
"grub",6,TRUE
"researcs",6,TRUE
"fresh",6,TRUE
"luke",6,TRUE
"prime",6,TRUE
"rtfirst",6,TRUE
"offwhen",6,TRUE
"recorded",6,TRUE
"stred",6,TRUE
"dick",6,TRUE
"abuse",6,TRUE
"oklahoma",6,TRUE
"pants",6,TRUE
"afdable",6,TRUE
"running",6,TRUE
"dumbass",6,TRUE
"taxes",6,TRUE
"uesarah",6,TRUE
"immigrant",6,TRUE
"lmfao",6,TRUE
"ube",6,TRUE
"virginia",6,TRUE
"taxpayers",6,TRUE
"shared",6,TRUE
"hates",6,TRUE
"amazing",6,TRUE
"longawaited",6,TRUE
"mentions",6,TRUE
"main",6,TRUE
"rty",6,TRUE
"died",6,TRUE
"tes",6,TRUE
"arrested",6,TRUE
"offers",6,TRUE
"respect",6,TRUE
"describes",6,TRUE
"rtunsealed",6,TRUE
"surprised",6,TRUE
"elderly",6,TRUE
"ebay",6,TRUE
"indian",6,TRUE
"blocked",6,TRUE
"ton",6,TRUE
"rated",6,TRUE
"dennis",6,TRUE
"rodman",6,TRUE
"cuts",6,TRUE
"source",6,TRUE
"electric",6,TRUE
"profitable",6,TRUE
"decide",6,TRUE
"provides",6,TRUE
"rtwell",6,TRUE
"alternative",6,TRUE
"considering",6,TRUE
"subway",6,TRUE
"speed",6,TRUE
"however",6,TRUE
"amile",6,TRUE
"ridiculous",6,TRUE
"mor",6,TRUE
"caught",6,TRUE
"cup",6,TRUE
"hella",6,TRUE
"washington",6,TRUE
"successful",6,TRUE
"children",6,TRUE
"bunch",6,TRUE
"vat",6,TRUE
"deep",6,TRUE
"transit",6,TRUE
"whenever",6,TRUE
"acquisition",6,TRUE
"ate",6,TRUE
"limited",6,TRUE
"anyway",6,TRUE
"uncomtable",6,TRUE
"toward",6,TRUE
"classical",6,TRUE
"inside",6,TRUE
"shopping",6,TRUE
"clear",6,TRUE
"rules",6,TRUE
"body",6,TRUE
"course",6,TRUE
"sir",6,TRUE
"pic",6,TRUE
"works",6,TRUE
"individual",6,TRUE
"writer",6,TRUE
"pain",6,TRUE
"sleep",6,TRUE
"beyond",6,TRUE
"additional",6,TRUE
"release",6,TRUE
"cuss",6,TRUE
"locked",6,TRUE
"silence",6,TRUE
"happening",6,TRUE
"rtomg",6,TRUE
"fellow",6,TRUE
"evening",6,TRUE
"bit",6,TRUE
"happens",6,TRUE
"fan",6,TRUE
"shortly",6,TRUE
"bucks",6,TRUE
"possibly",6,TRUE
"disgusting",6,TRUE
"gotten",6,TRUE
"lights",6,TRUE
"sounds",6,TRUE
"stayok",6,TRUE
"announcement",6,TRUE
"sting",6,TRUE
"usuy",6,TRUE
"drinkdrive",6,TRUE
"present",6,TRUE
"brought",6,TRUE
"spread",6,TRUE
"torides",6,TRUE
"plays",6,TRUE
"stolen",6,TRUE
"wild",6,TRUE
"interested",6,TRUE
"cardi",6,TRUE
"loss",6,TRUE
"horse",6,TRUE
"anm",6,TRUE
"level",6,TRUE
"sydney",6,TRUE
"owed",6,TRUE
"ads",6,TRUE
"reveal",6,TRUE
"concept",6,TRUE
"busy",6,TRUE
"tries",6,TRUE
"add",6,TRUE
"important",6,TRUE
"rapid",6,TRUE
"booked",6,TRUE
"episode",6,TRUE
"rid",6,TRUE
"female",6,TRUE
"bylaw",6,TRUE
"easier",6,TRUE
"scals",6,TRUE
"codewe",6,TRUE
"associated",6,TRUE
"rtanor",6,TRUE
"seventh",6,TRUE
"haha",6,TRUE
"suddenly",6,TRUE
"regarding",6,TRUE
"figure",6,TRUE
"ability",6,TRUE
"councillors",6,TRUE
"sell",6,TRUE
"alibaba",6,TRUE
"risk",6,TRUE
"systems",6,TRUE
"rtready",6,TRUE
"sayscanadians",6,TRUE
"sense",6,TRUE
"japanese",6,TRUE
"outvisu",6,TRUE
"revived",6,TRUE
"rtmr",6,TRUE
"shaking",6,TRUE
"yuris",6,TRUE
"shoes",6,TRUE
"seattle",6,TRUE
"resolve",6,TRUE
"unable",6,TRUE
"rtyoull",6,TRUE
"hung",6,TRUE
"blunt",6,TRUE
"signed",6,TRUE
"nasa",6,TRUE
"constantly",6,TRUE
"mate",6,TRUE
"lazy",6,TRUE
"grounds",6,TRUE
"festival",6,TRUE
"yrold",6,TRUE
"orders",6,TRUE
"phoenix",6,TRUE
"building",6,TRUE
"givesfree",6,TRUE
"existyears",6,TRUE
"imma",6,TRUE
"easy",6,TRUE
"cocaine",6,TRUE
"assaults",6,TRUE
"wide",6,TRUE
"worry",6,TRUE
"reports",6,TRUE
"dey",6,TRUE
"activistsadvocates",6,TRUE
"homophobes",6,TRUE
"rapey",6,TRUE
"driversbus",6,TRUE
"driversretail",6,TRUE
"restaurantsetc",6,TRUE
"workerswaiters",6,TRUE
"australia",6,TRUE
"kickstarting",6,TRUE
"provide",6,TRUE
"based",6,TRUE
"inc",6,TRUE
"dog",6,TRUE
"aride",6,TRUE
"engagement",6,TRUE
"worse",6,TRUE
"casualties",6,TRUE
"notting",6,TRUE
"patreon",6,TRUE
"bears",6,TRUE
"duel",6,TRUE
"expecting",6,TRUE
"polar",6,TRUE
"unexpectedly",6,TRUE
"windle",6,TRUE
"wrestle",6,TRUE
"rtsuck",6,TRUE
"chargedpesos",6,TRUE
"rtokay",6,TRUE
"rthave",6,TRUE
"watd",6,TRUE
"bounty",6,TRUE
"vcu",6,TRUE
"conor",6,TRUE
"eged",5,TRUE
"prefer",5,TRUE
"bombll",5,TRUE
"partnering",5,TRUE
"album",5,TRUE
"pair",5,TRUE
"heart",5,TRUE
"excuse",5,TRUE
"annoying",5,TRUE
"joe",5,TRUE
"marketing",5,TRUE
"lots",5,TRUE
"oregon",5,TRUE
"porn",5,TRUE
"himstars",5,TRUE
"bisexual",5,TRUE
"hottie",5,TRUE
"lukewilder",5,TRUE
"masculine",5,TRUE
"muscled",5,TRUE
"surfer",5,TRUE
"wilder",5,TRUE
"worked",5,TRUE
"older",5,TRUE
"rttes",5,TRUE
"improperly",5,TRUE
"sacramento",5,TRUE
"authorise",5,TRUE
"driversgigeconomy",5,TRUE
"lee",5,TRUE
"neir",5,TRUE
"mydriver",5,TRUE
"reminds",5,TRUE
"watchdog",5,TRUE
"destinations",5,TRUE
"deleted",5,TRUE
"bror",5,TRUE
"career",5,TRUE
"rtyo",5,TRUE
"worried",5,TRUE
"voice",5,TRUE
"hoping",5,TRUE
"ann",5,TRUE
"radical",5,TRUE
"national",5,TRUE
"holy",5,TRUE
"epic",5,TRUE
"posted",5,TRUE
"boston",5,TRUE
"perfect",5,TRUE
"lane",5,TRUE
"complaining",5,TRUE
"rtapproximately",5,TRUE
"silently",5,TRUE
"rtheres",5,TRUE
"pissing",5,TRUE
"delay",5,TRUE
"mans",5,TRUE
"executive",5,TRUE
"lyfts",5,TRUE
"feature",5,TRUE
"technews",5,TRUE
"dancing",5,TRUE
"battery",5,TRUE
"struggle",5,TRUE
"highway",5,TRUE
"visa",5,TRUE
"round",5,TRUE
"scared",5,TRUE
"rtjustice",5,TRUE
"philly",5,TRUE
"smoke",5,TRUE
"anthony",5,TRUE
"yea",5,TRUE
"feels",5,TRUE
"hops",5,TRUE
"lord",5,TRUE
"bio",5,TRUE
"bumping",5,TRUE
"dirty",5,TRUE
"agenda",5,TRUE
"cats",5,TRUE
"mark",5,TRUE
"user",5,TRUE
"mph",5,TRUE
"photo",5,TRUE
"arrival",5,TRUE
"birmingham",5,TRUE
"sight",5,TRUE
"behavior",5,TRUE
"words",5,TRUE
"deplorablesve",5,TRUE
"taxcuts",5,TRUE
"starbucks",5,TRUE
"creating",5,TRUE
"lives",5,TRUE
"grocery",5,TRUE
"threw",5,TRUE
"owing",5,TRUE
"babies",5,TRUE
"extremely",5,TRUE
"rtyear",5,TRUE
"lanes",5,TRUE
"sites",5,TRUE
"cream",5,TRUE
"heartbroken",5,TRUE
"kindness",5,TRUE
"android",5,TRUE
"rtby",5,TRUE
"requirement",5,TRUE
"fire",5,TRUE
"wes",5,TRUE
"advice",5,TRUE
"excellent",5,TRUE
"charlotte",5,TRUE
"blue",5,TRUE
"fighting",5,TRUE
"regardless",5,TRUE
"confused",5,TRUE
"joy",5,TRUE
"podcast",5,TRUE
"vancouver",5,TRUE
"crib",5,TRUE
"background",5,TRUE
"giggling",5,TRUE
"patic",5,TRUE
"seeing",5,TRUE
"threat",5,TRUE
"press",5,TRUE
"logo",5,TRUE
"friendly",5,TRUE
"favourite",5,TRUE
"thi",5,TRUE
"bor",5,TRUE
"project",5,TRUE
"rtlessons",5,TRUE
"view",5,TRUE
"anglos",5,TRUE
"scotl",5,TRUE
"tbh",5,TRUE
"ultra",5,TRUE
"feed",5,TRUE
"dollar",5,TRUE
"member",5,TRUE
"infrastructure",5,TRUE
"searching",5,TRUE
"francisco",5,TRUE
"chicken",5,TRUE
"boxes",5,TRUE
"fill",5,TRUE
"nope",5,TRUE
"owns",5,TRUE
"worlds",5,TRUE
"shift",5,TRUE
"dash",5,TRUE
"record",5,TRUE
"finding",5,TRUE
"anxiety",5,TRUE
"capitol",5,TRUE
"floor",5,TRUE
"sleigh",5,TRUE
"removed",5,TRUE
"defenders",5,TRUE
"regulations",5,TRUE
"vulnerable",5,TRUE
"crew",5,TRUE
"agreeing",5,TRUE
"winter",5,TRUE
"protected",5,TRUE
"madison",5,TRUE
"scored",5,TRUE
"bottom",5,TRUE
"options",5,TRUE
"seamless",5,TRUE
"whos",5,TRUE
"unfair",5,TRUE
"weeks",5,TRUE
"turns",5,TRUE
"wine",5,TRUE
"consumers",5,TRUE
"crucial",5,TRUE
"delayed",5,TRUE
"bitches",5,TRUE
"chase",5,TRUE
"somebody",5,TRUE
"receive",5,TRUE
"competitors",5,TRUE
"rocked",5,TRUE
"ticket",5,TRUE
"tips",5,TRUE
"asianikkei",5,TRUE
"asianthail",5,TRUE
"rtof",5,TRUE
"rtmore",5,TRUE
"suspect",5,TRUE
"settled",5,TRUE
"till",5,TRUE
"war",5,TRUE
"immediately",5,TRUE
"committee",5,TRUE
"meeting",5,TRUE
"givaway",5,TRUE
"race",5,TRUE
"talked",5,TRUE
"ors",5,TRUE
"beer",5,TRUE
"setting",5,TRUE
"chenging",5,TRUE
"messaging",5,TRUE
"cell",5,TRUE
"especiy",5,TRUE
"videos",5,TRUE
"equality",5,TRUE
"marriage",5,TRUE
"concert",5,TRUE
"tactic",5,TRUE
"whenemployed",5,TRUE
"announced",5,TRUE
"shields",5,TRUE
"las",5,TRUE
"affability",5,TRUE
"betray",5,TRUE
"horman",5,TRUE
"maketh",5,TRUE
"manners",5,TRUE
"spineless",5,TRUE
"william",5,TRUE
"avoid",5,TRUE
"rise",5,TRUE
"website",5,TRUE
"rights",5,TRUE
"mostly",5,TRUE
"harder",5,TRUE
"anyways",5,TRUE
"wraps",5,TRUE
"kicked",5,TRUE
"migos",5,TRUE
"raw",5,TRUE
"action",5,TRUE
"difference",5,TRUE
"mission",5,TRUE
"position",5,TRUE
"fam",5,TRUE
"smelled",5,TRUE
"zero",5,TRUE
"daughter",5,TRUE
"refusing",5,TRUE
"mapping",5,TRUE
"sending",5,TRUE
"clutch",5,TRUE
"uberfraud",5,TRUE
"cracking",5,TRUE
"steps",5,TRUE
"failure",5,TRUE
"rave",5,TRUE
"article",5,TRUE
"frustrating",5,TRUE
"item",5,TRUE
"artist",5,TRUE
"barbara",5,TRUE
"jeantui",5,TRUE
"rtwas",5,TRUE
"finna",5,TRUE
"titles",5,TRUE
"overfor",5,TRUE
"outrageous",5,TRUE
"lower",5,TRUE
"absence",5,TRUE
"collapsed",5,TRUE
"subsidised",5,TRUE
"hle",5,TRUE
"weekly",5,TRUE
"arrives",5,TRUE
"lead",5,TRUE
"wages",5,TRUE
"whatever",5,TRUE
"explosion",5,TRUE
"supreme",5,TRUE
"terrorist",5,TRUE
"original",5,TRUE
"adds",5,TRUE
"screamed",5,TRUE
"dangers",5,TRUE
"plate",5,TRUE
"mobile",5,TRUE
"declared",5,TRUE
"findom",5,TRUE
"sekof",5,TRUE
"wedge",5,TRUE
"orlo",5,TRUE
"changed",5,TRUE
"gear",5,TRUE
"causing",5,TRUE
"nicontributions",5,TRUE
"agrees",5,TRUE
"ambul",5,TRUE
"inlaw",5,TRUE
"patience",5,TRUE
"crossingas",5,TRUE
"lawless",5,TRUE
"nopicking",5,TRUE
"zebra",5,TRUE
"rtstevie",5,TRUE
"thingsitrustmorethanfoxnews",5,TRUE
"rtaustin",5,TRUE
"drake",5,TRUE
"remains",5,TRUE
"banvia",5,TRUE
"justin",5,TRUE
"sharpie",5,TRUE
"acting",4,TRUE
"truly",4,TRUE
"pray",4,TRUE
"quickly",4,TRUE
"rtlisten",4,TRUE
"cybersecurity",4,TRUE
"spin",4,TRUE
"useagain",4,TRUE
"asian",4,TRUE
"windows",4,TRUE
"rtour",4,TRUE
"lookattheroutehetook",4,TRUE
"surcharge",4,TRUE
"dms",4,TRUE
"sullivan",4,TRUE
"niggaz",4,TRUE
"regulate",4,TRUE
"lax",4,TRUE
"doling",4,TRUE
"smoking",4,TRUE
"fear",4,TRUE
"replacing",4,TRUE
"ankles",4,TRUE
"majority",4,TRUE
"ugh",4,TRUE
"memorial",4,TRUE
"deaf",4,TRUE
"bedrivennow",4,TRUE
"president",4,TRUE
"forbes",4,TRUE
"normal",4,TRUE
"groups",4,TRUE
"whatsapp",4,TRUE
"htt",4,TRUE
"iranian",4,TRUE
"usa",4,TRUE
"score",4,TRUE
"rtwho",4,TRUE
"convo",4,TRUE
"wars",4,TRUE
"babe",4,TRUE
"corporations",4,TRUE
"staff",4,TRUE
"barely",4,TRUE
"west",4,TRUE
"corner",4,TRUE
"click",4,TRUE
"delivers",4,TRUE
"ueuaduw",4,TRUE
"downloading",4,TRUE
"etc",4,TRUE
"points",4,TRUE
"example",4,TRUE
"damned",4,TRUE
"highlights",4,TRUE
"files",4,TRUE
"meant",4,TRUE
"banks",4,TRUE
"monopoly",4,TRUE
"health",4,TRUE
"arbor",4,TRUE
"accepted",4,TRUE
"prevent",4,TRUE
"involved",4,TRUE
"plex",4,TRUE
"flat",4,TRUE
"likely",4,TRUE
"giveaway",4,TRUE
"wedding",4,TRUE
"blocking",4,TRUE
"ronnymeichsner",4,TRUE
"enterprise",4,TRUE
"brightest",4,TRUE
"ladies",4,TRUE
"damning",4,TRUE
"employ",4,TRUE
"reviews",4,TRUE
"rose",4,TRUE
"jumped",4,TRUE
"inquiry",4,TRUE
"terminal",4,TRUE
"paulo",4,TRUE
"drinks",4,TRUE
"businesses",4,TRUE
"pittsburgh",4,TRUE
"dui",4,TRUE
"singapores",4,TRUE
"lying",4,TRUE
"human",4,TRUE
"letters",4,TRUE
"memo",4,TRUE
"movies",4,TRUE
"trash",4,TRUE
"dept",4,TRUE
"hun",4,TRUE
"won",4,TRUE
"earth",4,TRUE
"pulls",4,TRUE
"peer",4,TRUE
"complain",4,TRUE
"paris",4,TRUE
"levowski",4,TRUE
"qualify",4,TRUE
"ultimate",4,TRUE
"rtneed",4,TRUE
"designed",4,TRUE
"pushing",4,TRUE
"collected",4,TRUE
"changes",4,TRUE
"teen",4,TRUE
"plz",4,TRUE
"tough",4,TRUE
"conduct",4,TRUE
"requests",4,TRUE
"snowstorm",4,TRUE
"swow",4,TRUE
"dmd",4,TRUE
"kansas",4,TRUE
"sue",4,TRUE
"ohio",4,TRUE
"alright",4,TRUE
"roger",4,TRUE
"facts",4,TRUE
"green",4,TRUE
"freak",4,TRUE
"fingers",4,TRUE
"paper",4,TRUE
"gop",4,TRUE
"university",4,TRUE
"disrupting",4,TRUE
"upset",4,TRUE
"policy",4,TRUE
"cabbie",4,TRUE
"michael",4,TRUE
"protest",4,TRUE
"cloud",4,TRUE
"madrid",4,TRUE
"improve",4,TRUE
"cleaning",4,TRUE
"solid",4,TRUE
"naughty",4,TRUE
"cases",4,TRUE
"flirting",4,TRUE
"nicholaswue",4,TRUE
"yep",4,TRUE
"rticymi",4,TRUE
"greatest",4,TRUE
"east",4,TRUE
"gate",4,TRUE
"attacking",4,TRUE
"incredibly",4,TRUE
"joined",4,TRUE
"emails",4,TRUE
"egypt",4,TRUE
"ofpeople",4,TRUE
"test",4,TRUE
"pooling",4,TRUE
"conversations",4,TRUE
"pin",4,TRUE
"websites",4,TRUE
"foh",4,TRUE
"texts",4,TRUE
"rtstill",4,TRUE
"picks",4,TRUE
"mouth",4,TRUE
"simply",4,TRUE
"inapp",4,TRUE
"shocked",4,TRUE
"highly",4,TRUE
"replied",4,TRUE
"education",4,TRUE
"rtyeahhhh",4,TRUE
"canceling",4,TRUE
"investment",4,TRUE
"winnipeg",4,TRUE
"except",4,TRUE
"journal",4,TRUE
"congress",4,TRUE
"hout",4,TRUE
"lifted",4,TRUE
"opportunity",4,TRUE
"blast",4,TRUE
"increased",4,TRUE
"loud",4,TRUE
"toms",4,TRUE
"mama",4,TRUE
"helping",4,TRUE
"switching",4,TRUE
"instant",4,TRUE
"don",4,TRUE
"cabbies",4,TRUE
"dinero",4,TRUE
"chenge",4,TRUE
"finals",4,TRUE
"created",4,TRUE
"useful",4,TRUE
"south",4,TRUE
"server",4,TRUE
"servers",4,TRUE
"hottest",4,TRUE
"soul",4,TRUE
"burgers",4,TRUE
"responsible",4,TRUE
"paul",4,TRUE
"mood",4,TRUE
"waits",4,TRUE
"putting",4,TRUE
"battle",4,TRUE
"lawyer",4,TRUE
"resolved",4,TRUE
"rtwow",4,TRUE
"sooo",4,TRUE
"assaulting",4,TRUE
"students",4,TRUE
"explaining",4,TRUE
"hilarious",4,TRUE
"shits",4,TRUE
"urban",4,TRUE
"community",4,TRUE
"adults",4,TRUE
"contracts",4,TRUE
"liverpool",4,TRUE
"rtliverpool",4,TRUE
"unfairly",4,TRUE
"chick",4,TRUE
"voters",4,TRUE
"peak",4,TRUE
"alles",4,TRUE
"tick",4,TRUE
"explains",4,TRUE
"official",4,TRUE
"french",4,TRUE
"joint",4,TRUE
"amazed",4,TRUE
"escape",4,TRUE
"hop",4,TRUE
"box",4,TRUE
"rain",4,TRUE
"rttried",4,TRUE
"knees",4,TRUE
"similar",4,TRUE
"accidents",4,TRUE
"air",4,TRUE
"queen",4,TRUE
"pretend",4,TRUE
"sues",4,TRUE
"scraping",4,TRUE
"rtnow",4,TRUE
"conditions",4,TRUE
"fries",4,TRUE
"edition",4,TRUE
"gold",4,TRUE
"givesdollars",4,TRUE
"ignore",4,TRUE
"seein",4,TRUE
"sutton",4,TRUE
"waived",4,TRUE
"yellow",4,TRUE
"thru",4,TRUE
"boyfriend",4,TRUE
"starving",4,TRUE
"councils",4,TRUE
"mselves",4,TRUE
"wicked",4,TRUE
"bull",4,TRUE
"mast",4,TRUE
"sbi",4,TRUE
"avideowhen",4,TRUE
"rtas",4,TRUE
"heyi",4,TRUE
"javer",4,TRUE
"oovoo",4,TRUE
"byplucky",4,TRUE
"chee",4,TRUE
"director",4,TRUE
"dissuade",4,TRUE
"channel",4,TRUE
"bless",4,TRUE
"ridevia",4,TRUE
"btw",4,TRUE
"alicence",4,TRUE
"livelyimpassid",4,TRUE
"afraid",4,TRUE
"rttalk",4,TRUE
"nonsurge",4,TRUE
"gullibili",4,TRUE
"coupons",4,TRUE
"earning",4,TRUE
"lesson",4,TRUE
"obviously",4,TRUE
"disaster",4,TRUE
"sentenced",4,TRUE
"developing",4,TRUE
"completely",4,TRUE
"leeds",4,TRUE
"finedif",4,TRUE
"rride",4,TRUE
"thinkmins",4,TRUE
"howis",4,TRUE
"rapist",4,TRUE
"wheel",4,TRUE
"student",4,TRUE
"knowing",4,TRUE
"defended",4,TRUE
"govt",4,TRUE
"operation",4,TRUE
"regulatory",4,TRUE
"setback",4,TRUE
"icon",4,TRUE
"thx",4,TRUE
"nobodys",4,TRUE
"stressed",4,TRUE
"remind",4,TRUE
"rat",4,TRUE
"advertising",4,TRUE
"splatting",4,TRUE
"windscreen",4,TRUE
"fully",4,TRUE
"rtplaybyplay",4,TRUE
"rtapparently",4,TRUE
"transactions",4,TRUE
"victimrideresponsibly",4,TRUE
"wendys",4,TRUE
"image",4,TRUE
"miguelt",4,TRUE
"toon",4,TRUE
"refunded",4,TRUE
"stories",4,TRUE
"appropriate",4,TRUE
"refusal",4,TRUE
"renewaldata",4,TRUE
"considered",4,TRUE
"bike",4,TRUE
"canadian",4,TRUE
"hitler",4,TRUE
"puts",4,TRUE
"blew",4,TRUE
"mta",4,TRUE
"tonights",4,TRUE
"spoilerripple",4,TRUE
"xrostard",4,TRUE
"xvia",4,TRUE
"astar",4,TRUE
"checks",4,TRUE
"rtcllr",4,TRUE
"marketplace",4,TRUE
"toxic",4,TRUE
"los",4,TRUE
"slammed",4,TRUE
"bomb",4,TRUE
"rtplease",4,TRUE
"death",4,TRUE
"unacceptable",4,TRUE
"appears",4,TRUE
"recently",4,TRUE
"codesfree",4,TRUE
"drivercbs",4,TRUE
"rtnew",4,TRUE
"rttoronto",4,TRUE
"rack",4,TRUE
"worker",4,TRUE
"holidazzle",4,TRUE
"loring",4,TRUE
"lov",4,TRUE
"rtfun",4,TRUE
"economy",4,TRUE
"rthard",4,TRUE
"violence",4,TRUE
"scal",4,TRUE
"rtone",4,TRUE
"roid",4,TRUE
"statebrnaware",4,TRUE
"migrant",4,TRUE
"rtgermany",4,TRUE
"segregated",4,TRUE
"michelangelo",4,TRUE
"rtmeet",4,TRUE
"scale",4,TRUE
"hitto",4,TRUE
"refunds",4,TRUE
"failed",4,TRUE
"abt",4,TRUE
"proper",4,TRUE
"cafe",4,TRUE
"healthy",4,TRUE
"lucky",4,TRUE
"disorderly",4,TRUE
"illegality",4,TRUE
"lift",4,TRUE
"switch",4,TRUE
"misconduct",4,TRUE
"lovely",4,TRUE
"comedian",4,TRUE
"cos",4,TRUE
"meizue",4,TRUE
"rtbe",4,TRUE
"victimcrime",4,TRUE
"sist",4,TRUE
"walmart",4,TRUE
"morf",4,TRUE
"nanoboosted",4,TRUE
"defamation",4,TRUE
"iscool",4,TRUE
"bans",4,TRUE
"rtitaly",4,TRUE
"taxistaxi",4,TRUE
"roads",4,TRUE
"smeared",4,TRUE
"whoever",4,TRUE
"checking",4,TRUE
"emstcom",4,TRUE
"safely",4,TRUE
"nigerianigeriauberdrive",4,TRUE
"registration",4,TRUE
"fent",4,TRUE
"mediocre",4,TRUE
"pricy",4,TRUE
"bieber",4,TRUE
"consisted",4,TRUE
"minaj",4,TRUE
"nicki",4,TRUE
"caucasian",4,TRUE
"percentage",4,TRUE
"sheff",4,TRUE
"sillage",4,TRUE
"reportedly",4,TRUE
"jokes",4,TRUE
"deservesstars",4,TRUE
"rtbitches",3,TRUE
"stush",3,TRUE
"feedback",3,TRUE
"applied",3,TRUE
"sedona",3,TRUE
"depths",3,TRUE
"espionage",3,TRUE
"commute",3,TRUE
"losses",3,TRUE
"holidays",3,TRUE
"suitcase",3,TRUE
"airlineswhy",3,TRUE
"classhow",3,TRUE
"ispshow",3,TRUE
"uberwhy",3,TRUE
"frat",3,TRUE
"nails",3,TRUE
"europe",3,TRUE
"impressed",3,TRUE
"routes",3,TRUE
"drew",3,TRUE
"rtuse",3,TRUE
"garing",3,TRUE
"intel",3,TRUE
"bigger",3,TRUE
"coin",3,TRUE
"survive",3,TRUE
"limo",3,TRUE
"responsibly",3,TRUE
"jackson",3,TRUE
"practices",3,TRUE
"research",3,TRUE
"investigators",3,TRUE
"rtfuck",3,TRUE
"raising",3,TRUE
"entertaining",3,TRUE
"ified",3,TRUE
"soooo",3,TRUE
"ffs",3,TRUE
"hadaccidents",3,TRUE
"rtbeen",3,TRUE
"appenter",3,TRUE
"lack",3,TRUE
"certain",3,TRUE
"dri",3,TRUE
"representing",3,TRUE
"wee",3,TRUE
"critical",3,TRUE
"dumps",3,TRUE
"van",3,TRUE
"yve",3,TRUE
"acted",3,TRUE
"ethicy",3,TRUE
"chatty",3,TRUE
"draw",3,TRUE
"gwinnett",3,TRUE
"leftist",3,TRUE
"contract",3,TRUE
"among",3,TRUE
"mentioning",3,TRUE
"trains",3,TRUE
"global",3,TRUE
"esque",3,TRUE
"emc",3,TRUE
"ibm",3,TRUE
"oracle",3,TRUE
"stnd",3,TRUE
"yahoo",3,TRUE
"password",3,TRUE
"prevention",3,TRUE
"distance",3,TRUE
"exists",3,TRUE
"officiy",3,TRUE
"loop",3,TRUE
"invisible",3,TRUE
"rogue",3,TRUE
"aas",3,TRUE
"useless",3,TRUE
"pink",3,TRUE
"taco",3,TRUE
"eric",3,TRUE
"piss",3,TRUE
"chris",3,TRUE
"umm",3,TRUE
"related",3,TRUE
"reutersa",3,TRUE
"square",3,TRUE
"blockchain",3,TRUE
"esoff",3,TRUE
"ridecost",3,TRUE
"navigate",3,TRUE
"senior",3,TRUE
"cyberattack",3,TRUE
"longest",3,TRUE
"guarantee",3,TRUE
"whip",3,TRUE
"rtformer",3,TRUE
"credited",3,TRUE
"helpful",3,TRUE
"concerning",3,TRUE
"bowl",3,TRUE
"maniac",3,TRUE
"believed",3,TRUE
"tweeted",3,TRUE
"storm",3,TRUE
"dumbest",3,TRUE
"lie",3,TRUE
"hahahaha",3,TRUE
"destroy",3,TRUE
"awards",3,TRUE
"firing",3,TRUE
"warm",3,TRUE
"sped",3,TRUE
"tobooked",3,TRUE
"compared",3,TRUE
"tuned",3,TRUE
"meanwhile",3,TRUE
"sts",3,TRUE
"jamming",3,TRUE
"celebrate",3,TRUE
"humble",3,TRUE
"foi",3,TRUE
"finesse",3,TRUE
"mug",3,TRUE
"pill",3,TRUE
"rted",3,TRUE
"chip",3,TRUE
"regular",3,TRUE
"clowns",3,TRUE
"compare",3,TRUE
"oops",3,TRUE
"experts",3,TRUE
"smartph",3,TRUE
"fat",3,TRUE
"dive",3,TRUE
"extensive",3,TRUE
"garnering",3,TRUE
"rtprivacy",3,TRUE
"explanation",3,TRUE
"mayor",3,TRUE
"servin",3,TRUE
"voting",3,TRUE
"brexit",3,TRUE
"unicorns",3,TRUE
"unit",3,TRUE
"doubt",3,TRUE
"serve",3,TRUE
"nonsense",3,TRUE
"georgia",3,TRUE
"gojek",3,TRUE
"weirdest",3,TRUE
"circles",3,TRUE
"rivals",3,TRUE
"ola",3,TRUE
"announcing",3,TRUE
"development",3,TRUE
"bbc",3,TRUE
"husb",3,TRUE
"freezing",3,TRUE
"caused",3,TRUE
"birth",3,TRUE
"thedriver",3,TRUE
"waitminutes",3,TRUE
"craving",3,TRUE
"million",3,TRUE
"vlog",3,TRUE
"numbers",3,TRUE
"count",3,TRUE
"abdoulie",3,TRUE
"ayear",3,TRUE
"cibly",3,TRUE
"immigrantdriver",3,TRUE
"jagne",3,TRUE
"johngo",3,TRUE
"teaching",3,TRUE
"investigated",3,TRUE
"closed",3,TRUE
"texted",3,TRUE
"plane",3,TRUE
"coworker",3,TRUE
"hood",3,TRUE
"known",3,TRUE
"thanksgivingyears",3,TRUE
"breath",3,TRUE
"yrs",3,TRUE
"fits",3,TRUE
"hipster",3,TRUE
"jackets",3,TRUE
"promise",3,TRUE
"taste",3,TRUE
"instantly",3,TRUE
"odd",3,TRUE
"midnight",3,TRUE
"outsting",3,TRUE
"sivaofficial",3,TRUE
"crash",3,TRUE
"ambulancesbecause",3,TRUE
"rttake",3,TRUE
"rtgoing",3,TRUE
"soundcloud",3,TRUE
"downloaded",3,TRUE
"excuses",3,TRUE
"sms",3,TRUE
"carey",3,TRUE
"mariah",3,TRUE
"lock",3,TRUE
"consistently",3,TRUE
"consider",3,TRUE
"somewhat",3,TRUE
"jobsapply",3,TRUE
"softbank",3,TRUE
"scho",3,TRUE
"spending",3,TRUE
"ways",3,TRUE
"diego",3,TRUE
"realise",3,TRUE
"ear",3,TRUE
"aye",3,TRUE
"rem",3,TRUE
"posing",3,TRUE
"beyoncsbitch",3,TRUE
"savetoobe",3,TRUE
"shooting",3,TRUE
"responsibility",3,TRUE
"neighbor",3,TRUE
"equifax",3,TRUE
"hackschinesebased",3,TRUE
"opm",3,TRUE
"personnel",3,TRUE
"wondered",3,TRUE
"eur",3,TRUE
"musicians",3,TRUE
"rtmine",3,TRUE
"dibs",3,TRUE
"everysaves",3,TRUE
"publicly",3,TRUE
"december",3,TRUE
"texasfree",3,TRUE
"load",3,TRUE
"male",3,TRUE
"swell",3,TRUE
"toledo",3,TRUE
"closest",3,TRUE
"union",3,TRUE
"omidd",3,TRUE
"travelling",3,TRUE
"comment",3,TRUE
"computers",3,TRUE
"inte",3,TRUE
"opsec",3,TRUE
"separated",3,TRUE
"slightly",3,TRUE
"wound",3,TRUE
"basicy",3,TRUE
"agreed",3,TRUE
"nicest",3,TRUE
"lies",3,TRUE
"nerve",3,TRUE
"vehicles",3,TRUE
"soaked",3,TRUE
"grade",3,TRUE
"def",3,TRUE
"moe",3,TRUE
"secretsources",3,TRUE
"election",3,TRUE
"jasonsue",3,TRUE
"birthday",3,TRUE
"rthappy",3,TRUE
"ideayears",3,TRUE
"spoken",3,TRUE
"chances",3,TRUE
"copy",3,TRUE
"dressed",3,TRUE
"solidad",3,TRUE
"wpgpoli",3,TRUE
"hanging",3,TRUE
"nugget",3,TRUE
"rtnetwork",3,TRUE
"wik",3,TRUE
"anpool",3,TRUE
"requesting",3,TRUE
"yelling",3,TRUE
"wot",3,TRUE
"indiana",3,TRUE
"seekers",3,TRUE
"rtrey",3,TRUE
"heaven",3,TRUE
"rule",3,TRUE
"tight",3,TRUE
"timeline",3,TRUE
"dragon",3,TRUE
"supporter",3,TRUE
"inyears",3,TRUE
"hmmm",3,TRUE
"recentpodcast",3,TRUE
"tampa",3,TRUE
"cried",3,TRUE
"rtwinnipeg",3,TRUE
"whencharges",3,TRUE
"rtnothing",3,TRUE
"shoot",3,TRUE
"specific",3,TRUE
"closing",3,TRUE
"anwhilst",3,TRUE
"multiplefive",3,TRUE
"raining",3,TRUE
"bullshit",3,TRUE
"bottle",3,TRUE
"ave",3,TRUE
"thumb",3,TRUE
"entirely",3,TRUE
"hahaha",3,TRUE
"elses",3,TRUE
"vouc",3,TRUE
"profile",3,TRUE
"vehiclehire",3,TRUE
"estimated",3,TRUE
"premium",3,TRUE
"testing",3,TRUE
"hasgift",3,TRUE
"exploit",3,TRUE
"file",3,TRUE
"art",3,TRUE
"lamborghini",3,TRUE
"recruiting",3,TRUE
"waving",3,TRUE
"agencies",3,TRUE
"result",3,TRUE
"attack",3,TRUE
"beaches",3,TRUE
"prompt",3,TRUE
"listed",3,TRUE
"throwing",3,TRUE
"struggling",3,TRUE
"dmed",3,TRUE
"gambling",3,TRUE
"licensingregulatory",3,TRUE
"lyftw",3,TRUE
"insider",3,TRUE
"rtboth",3,TRUE
"spots",3,TRUE
"politicians",3,TRUE
"androiddev",3,TRUE
"featuresfunctionality",3,TRUE
"views",3,TRUE
"stalk",3,TRUE
"homie",3,TRUE
"msg",3,TRUE
"loan",3,TRUE
"rtall",3,TRUE
"automaticy",3,TRUE
"ahhh",3,TRUE
"bicycle",3,TRUE
"emxb",3,TRUE
"warrior",3,TRUE
"dawg",3,TRUE
"raises",3,TRUE
"thieves",3,TRUE
"ification",3,TRUE
"canadas",3,TRUE
"dig",3,TRUE
"engl",3,TRUE
"operations",3,TRUE
"crawled",3,TRUE
"fucken",3,TRUE
"checked",3,TRUE
"final",3,TRUE
"causes",3,TRUE
"stranger",3,TRUE
"rage",3,TRUE
"feelings",3,TRUE
"filled",3,TRUE
"child",3,TRUE
"nigerian",3,TRUE
"databricks",3,TRUE
"dropbox",3,TRUE
"knetes",3,TRUE
"rtbazelconvideos",3,TRUE
"spacex",3,TRUE
"exp",3,TRUE
"patsys",3,TRUE
"pizzeria",3,TRUE
"glitch",3,TRUE
"stealing",3,TRUE
"drug",3,TRUE
"antonio",3,TRUE
"codeeiv",3,TRUE
"saferidehome",3,TRUE
"cackling",3,TRUE
"rtlets",3,TRUE
"board",3,TRUE
"racing",3,TRUE
"select",3,TRUE
"providence",3,TRUE
"thus",3,TRUE
"amounts",3,TRUE
"benefit",3,TRUE
"error",3,TRUE
"yusa",3,TRUE
"pilots",3,TRUE
"package",3,TRUE
"usersbucks",3,TRUE
"neighborhood",3,TRUE
"rolled",3,TRUE
"assaulted",3,TRUE
"responds",3,TRUE
"preferred",3,TRUE
"mini",3,TRUE
"stunning",3,TRUE
"protecting",3,TRUE
"rtbusiness",3,TRUE
"john",3,TRUE
"everyday",3,TRUE
"yorkshire",3,TRUE
"split",3,TRUE
"alert",3,TRUE
"humped",3,TRUE
"kerb",3,TRUE
"leg",3,TRUE
"rthis",3,TRUE
"shat",3,TRUE
"popped",3,TRUE
"gods",3,TRUE
"stake",3,TRUE
"ending",3,TRUE
"drs",3,TRUE
"stellarlumens",3,TRUE
"woah",3,TRUE
"xlm",3,TRUE
"marks",3,TRUE
"roll",3,TRUE
"twin",3,TRUE
"steve",3,TRUE
"granted",3,TRUE
"incomes",3,TRUE
"rtdara",3,TRUE
"stance",3,TRUE
"licensing",3,TRUE
"king",3,TRUE
"breaches",3,TRUE
"deliveriesetailwest",3,TRUE
"innovate",3,TRUE
"scheduled",3,TRUE
"stage",3,TRUE
"amongst",3,TRUE
"squad",3,TRUE
"dre",3,TRUE
"keak",3,TRUE
"mac",3,TRUE
"yelp",3,TRUE
"agent",3,TRUE
"chan",3,TRUE
"holds",3,TRUE
"itsve",3,TRUE
"promotion",3,TRUE
"interviews",3,TRUE
"reddit",3,TRUE
"rtuberhack",3,TRUE
"evidence",3,TRUE
"uaduw",3,TRUE
"operators",3,TRUE
"jack",3,TRUE
"codeuemiguelt",3,TRUE
"initial",3,TRUE
"clevel",3,TRUE
"unicorn",3,TRUE
"requested",3,TRUE
"sneezed",3,TRUE
"journeys",3,TRUE
"mirror",3,TRUE
"guest",3,TRUE
"ber",3,TRUE
"restaurants",3,TRUE
"inclu",3,TRUE
"hospitalvia",3,TRUE
"frigg",3,TRUE
"rtlol",3,TRUE
"film",3,TRUE
"headed",3,TRUE
"revoke",3,TRUE
"spirit",3,TRUE
"mode",3,TRUE
"reckless",3,TRUE
"emp",3,TRUE
"irish",3,TRUE
"areas",3,TRUE
"desk",3,TRUE
"unlike",3,TRUE
"proof",3,TRUE
"anymore",3,TRUE
"blockbluray",3,TRUE
"brawl",3,TRUE
"rtwin",3,TRUE
"script",3,TRUE
"camp",3,TRUE
"fit",3,TRUE
"require",3,TRUE
"costtakes",3,TRUE
"inst",3,TRUE
"required",3,TRUE
"rtsafety",3,TRUE
"winnipegs",3,TRUE
"airports",3,TRUE
"carry",3,TRUE
"intellectual",3,TRUE
"precious",3,TRUE
"charger",3,TRUE
"rtnever",3,TRUE
"leon",3,TRUE
"reset",3,TRUE
"guaranteed",3,TRUE
"terror",3,TRUE
"horrible",3,TRUE
"ment",3,TRUE
"franciscovideotaxi",3,TRUE
"opportunities",3,TRUE
"honolulu",3,TRUE
"launching",3,TRUE
"colorado",3,TRUE
"louisville",3,TRUE
"newest",3,TRUE
"modern",3,TRUE
"thoughts",3,TRUE
"anybody",3,TRUE
"crooked",3,TRUE
"scenes",3,TRUE
"rtfrom",3,TRUE
"attackvia",3,TRUE
"yearsources",3,TRUE
"pud",3,TRUE
"eddie",3,TRUE
"manage",3,TRUE
"spe",3,TRUE
"gig",3,TRUE
"weekemd",3,TRUE
"snowy",3,TRUE
"goodsway",3,TRUE
"keylogger",3,TRUE
"malware",3,TRUE
"rounduptopstories",3,TRUE
"rtthn",3,TRUE
"hopefully",3,TRUE
"threecent",3,TRUE
"tweaks",3,TRUE
"bubble",3,TRUE
"filmed",3,TRUE
"jew",3,TRUE
"indeed",3,TRUE
"nervous",3,TRUE
"planned",3,TRUE
"rtgot",3,TRUE
"hrs",3,TRUE
"licensed",3,TRUE
"onlyk",3,TRUE
"schooled",3,TRUE
"maps",3,TRUE
"statemexico",3,TRUE
"christ",3,TRUE
"manto",3,TRUE
"ashauenew",3,TRUE
"ashraf",3,TRUE
"onlyfree",3,TRUE
"tocode",3,TRUE
"touse",3,TRUE
"quarter",3,TRUE
"explained",3,TRUE
"math",3,TRUE
"brokenhearted",3,TRUE
"hero",3,TRUE
"livetweets",3,TRUE
"rescue",3,TRUE
"accepting",3,TRUE
"toll",3,TRUE
"blendzville",3,TRUE
"brownsville",3,TRUE
"juices",3,TRUE
"smoothies",3,TRUE
"unfettered",3,TRUE
"giant",3,TRUE
"coolest",3,TRUE
"civic",3,TRUE
"qualcomm",3,TRUE
"match",3,TRUE
"per",3,TRUE
"usual",3,TRUE
"freeway",3,TRUE
"angeles",3,TRUE
"james",3,TRUE
"belligerent",3,TRUE
"experienced",3,TRUE
"deadly",3,TRUE
"givaways",3,TRUE
"approached",3,TRUE
"rtbee",3,TRUE
"xication",3,TRUE
"rtupdate",3,TRUE
"depart",3,TRUE
"huh",3,TRUE
"fap",3,TRUE
"acceptable",3,TRUE
"wonderful",3,TRUE
"busted",3,TRUE
"refrozen",3,TRUE
"pledge",3,TRUE
"rickshaw",3,TRUE
"backi",3,TRUE
"followersjust",3,TRUE
"lisbon",3,TRUE
"lemonade",3,TRUE
"mutual",3,TRUE
"accessed",3,TRUE
"dave",3,TRUE
"ties",3,TRUE
"rtturnbull",3,TRUE
"ignoring",3,TRUE
"jersey",3,TRUE
"cmon",3,TRUE
"rtchristmas",3,TRUE
"mockingabusing",3,TRUE
"ripped",3,TRUE
"til",3,TRUE
"held",3,TRUE
"loyal",3,TRUE
"appealing",3,TRUE
"sunday",3,TRUE
"smelling",3,TRUE
"waste",3,TRUE
"flights",3,TRUE
"fuel",3,TRUE
"detai",3,TRUE
"highest",3,TRUE
"triple",3,TRUE
"lecture",3,TRUE
"disabled",3,TRUE
"earn",3,TRUE
"hid",3,TRUE
"stress",3,TRUE
"gospel",3,TRUE
"repeatedly",3,TRUE
"timei",3,TRUE
"deserves",3,TRUE
"askeddata",3,TRUE
"prove",3,TRUE
"engadget",3,TRUE
"bombs",3,TRUE
"intermediary",3,TRUE
"unnecessary",3,TRUE
"shotgun",3,TRUE
"hourofcode",3,TRUE
"trapped",3,TRUE
"investigationsdataprivacy",3,TRUE
"comparison",3,TRUE
"missing",3,TRUE
"executiv",3,TRUE
"spectator",3,TRUE
"wrench",3,TRUE
"rick",3,TRUE
"zipcar",3,TRUE
"takestake",3,TRUE
"recy",3,TRUE
"caitlyn",3,TRUE
"jenner",3,TRUE
"rtthingsitrustmorethancnn",3,TRUE
"hackerto",3,TRUE
"deviantart",3,TRUE
"renders",3,TRUE
"versions",3,TRUE
"rtlilacfire",3,TRUE
"disregard",3,TRUE
"iwantans",3,TRUE
"eyaxhm",3,TRUE
"databreachfraudprevention",3,TRUE
"walkmiles",3,TRUE
"cente",3,TRUE
"angles",3,TRUE
"boxing",3,TRUE
"manny",3,TRUE
"rtconor",3,TRUE
"escalate",2,TRUE
"advise",2,TRUE
"lately",2,TRUE
"rtbombll",2,TRUE
"complaints",2,TRUE
"hail",2,TRUE
"billion",2,TRUE
"enron",2,TRUE
"scheme",2,TRUE
"congratulations",2,TRUE
"sayfoxnews",2,TRUE
"feminists",2,TRUE
"rtbut",2,TRUE
"feliz",2,TRUE
"navidad",2,TRUE
"couriers",2,TRUE
"blames",2,TRUE
"dry",2,TRUE
"joel",2,TRUE
"tra",2,TRUE
"contacted",2,TRUE
"gloves",2,TRUE
"mum",2,TRUE
"heyis",2,TRUE
"mcm",2,TRUE
"hotels",2,TRUE
"separate",2,TRUE
"insight",2,TRUE
"attempt",2,TRUE
"disappeared",2,TRUE
"chatting",2,TRUE
"fyi",2,TRUE
"statements",2,TRUE
"patent",2,TRUE
"alexis",2,TRUE
"chord",2,TRUE
"bareback",2,TRUE
"ridegay",2,TRUE
"rappers",2,TRUE
"yif",2,TRUE
"tuesday",2,TRUE
"rttwo",2,TRUE
"iowa",2,TRUE
"lyftcode",2,TRUE
"superchargers",2,TRUE
"grove",2,TRUE
"rtattention",2,TRUE
"napa",2,TRUE
"sonoma",2,TRUE
"items",2,TRUE
"non",2,TRUE
"cord",2,TRUE
"morfucking",2,TRUE
"shack",2,TRUE
"confirmation",2,TRUE
"submitted",2,TRUE
"addison",2,TRUE
"ahahah",2,TRUE
"aid",2,TRUE
"devastating",2,TRUE
"essential",2,TRUE
"tens",2,TRUE
"gross",2,TRUE
"dank",2,TRUE
"dicks",2,TRUE
"lentrecte",2,TRUE
"thanking",2,TRUE
"advanced",2,TRUE
"shoul",2,TRUE
"bribing",2,TRUE
"eign",2,TRUE
"apparel",2,TRUE
"puked",2,TRUE
"honked",2,TRUE
"jig",2,TRUE
"pee",2,TRUE
"tana",2,TRUE
"character",2,TRUE
"rtput",2,TRUE
"issued",2,TRUE
"tony",2,TRUE
"ignored",2,TRUE
"hin",2,TRUE
"rtstatements",2,TRUE
"islike",2,TRUE
"databreachvia",2,TRUE
"rtalmostsingapore",2,TRUE
"canberra",2,TRUE
"dream",2,TRUE
"memp",2,TRUE
"highprofile",2,TRUE
"sake",2,TRUE
"int",2,TRUE
"language",2,TRUE
"importantly",2,TRUE
"rela",2,TRUE
"substantiated",2,TRUE
"ispages",2,TRUE
"gimpage",2,TRUE
"rtstyle",2,TRUE
"pleased",2,TRUE
"oakl",2,TRUE
"tower",2,TRUE
"rtinside",2,TRUE
"cry",2,TRUE
"moon",2,TRUE
"sing",2,TRUE
"rtviolent",2,TRUE
"games",2,TRUE
"hospitals",2,TRUE
"treatment",2,TRUE
"riff",2,TRUE
"givesbucks",2,TRUE
"acancellation",2,TRUE
"rtvery",2,TRUE
"moms",2,TRUE
"iceably",2,TRUE
"rtgood",2,TRUE
"sheesh",2,TRUE
"drugged",2,TRUE
"rtdecember",2,TRUE
"freestyle",2,TRUE
"trend",2,TRUE
"contest",2,TRUE
"ent",2,TRUE
"kicking",2,TRUE
"waitingmins",2,TRUE
"teamed",2,TRUE
"trad",2,TRUE
"rtlove",2,TRUE
"smile",2,TRUE
"cod",2,TRUE
"locks",2,TRUE
"embarrassed",2,TRUE
"accusations",2,TRUE
"gatwick",2,TRUE
"nuts",2,TRUE
"photos",2,TRUE
"mayo",2,TRUE
"hamilton",2,TRUE
"lewis",2,TRUE
"chi",2,TRUE
"foxnews",2,TRUE
"located",2,TRUE
"youll",2,TRUE
"rtcongratulations",2,TRUE
"thursday",2,TRUE
"tonightsguitar",2,TRUE
"winner",2,TRUE
"quicker",2,TRUE
"mute",2,TRUE
"aircraft",2,TRUE
"cabssao",2,TRUE
"concerned",2,TRUE
"expert",2,TRUE
"likeminutes",2,TRUE
"ofmillion",2,TRUE
"appsupport",2,TRUE
"organization",2,TRUE
"buzzed",2,TRUE
"rtpartjournalistpartbloodhoundposted",2,TRUE
"lmaooo",2,TRUE
"screen",2,TRUE
"rec",2,TRUE
"kinds",2,TRUE
"begins",2,TRUE
"followers",2,TRUE
"coughing",2,TRUE
"interviewer",2,TRUE
"tulsa",2,TRUE
"spenton",2,TRUE
"otto",2,TRUE
"coast",2,TRUE
"licensestartup",2,TRUE
"uktn",2,TRUE
"previously",2,TRUE
"stated",2,TRUE
"blaming",2,TRUE
"brigades",2,TRUE
"emoji",2,TRUE
"faith",2,TRUE
"obama",2,TRUE
"reliance",2,TRUE
"rtperhaps",2,TRUE
"ditch",2,TRUE
"engaged",2,TRUE
"penetration",2,TRUE
"ummmm",2,TRUE
"recording",2,TRUE
"spring",2,TRUE
"united",2,TRUE
"desperately",2,TRUE
"tdriver",2,TRUE
"multi",2,TRUE
"dellivery",2,TRUE
"rdiscount",2,TRUE
"holding",2,TRUE
"fighter",2,TRUE
"bitter",2,TRUE
"sympath",2,TRUE
"xsurging",2,TRUE
"wildin",2,TRUE
"bullet",2,TRUE
"neck",2,TRUE
"codemaxkue",2,TRUE
"peoples",2,TRUE
"breaking",2,TRUE
"transaction",2,TRUE
"funded",2,TRUE
"republican",2,TRUE
"grins",2,TRUE
"rog",2,TRUE
"swinger",2,TRUE
"exciting",2,TRUE
"rtbrazils",2,TRUE
"raise",2,TRUE
"age",2,TRUE
"revolution",2,TRUE
"spores",2,TRUE
"cockup",2,TRUE
"doctor",2,TRUE
"commercial",2,TRUE
"pro",2,TRUE
"partnerget",2,TRUE
"ati",2,TRUE
"lightrail",2,TRUE
"sao",2,TRUE
"inclement",2,TRUE
"supposedly",2,TRUE
"prebook",2,TRUE
"snapping",2,TRUE
"unders",2,TRUE
"shock",2,TRUE
"crack",2,TRUE
"filthy",2,TRUE
"purpose",2,TRUE
"dynamic",2,TRUE
"sentence",2,TRUE
"sport",2,TRUE
"traditional",2,TRUE
"fuckers",2,TRUE
"caved",2,TRUE
"devastate",2,TRUE
"youyou",2,TRUE
"wack",2,TRUE
"accou",2,TRUE
"intermediar",2,TRUE
"mere",2,TRUE
"regarded",2,TRUE
"rtcatalonia",2,TRUE
"participate",2,TRUE
"cruz",2,TRUE
"kors",2,TRUE
"specialist",2,TRUE
"highlight",2,TRUE
"pakistani",2,TRUE
"nailed",2,TRUE
"upon",2,TRUE
"built",2,TRUE
"push",2,TRUE
"nicer",2,TRUE
"climbing",2,TRUE
"kinky",2,TRUE
"linda",2,TRUE
"seeking",2,TRUE
"described",2,TRUE
"obstruct",2,TRUE
"shook",2,TRUE
"frequency",2,TRUE
"pho",2,TRUE
"lick",2,TRUE
"product",2,TRUE
"supported",2,TRUE
"lif",2,TRUE
"rtgfinance",2,TRUE
"goi",2,TRUE
"impressive",2,TRUE
"ibotta",2,TRUE
"colorsshining",2,TRUE
"defect",2,TRUE
"deny",2,TRUE
"familieschildren",2,TRUE
"thruas",2,TRUE
"pending",2,TRUE
"anorminutes",2,TRUE
"section",2,TRUE
"channelat",2,TRUE
"stinky",2,TRUE
"oath",2,TRUE
"dang",2,TRUE
"bridge",2,TRUE
"golden",2,TRUE
"employment",2,TRUE
"towards",2,TRUE
"nerd",2,TRUE
"safeco",2,TRUE
"claimstech",2,TRUE
"svinpivar",2,TRUE
"glass",2,TRUE
"dis",2,TRUE
"demise",2,TRUE
"recurring",2,TRUE
"attacked",2,TRUE
"awful",2,TRUE
"honking",2,TRUE
"degrees",2,TRUE
"pulling",2,TRUE
"courvoisier",2,TRUE
"guilty",2,TRUE
"pleads",2,TRUE
"rtuk",2,TRUE
"tmobile",2,TRUE
"cookie",2,TRUE
"ina",2,TRUE
"townvia",2,TRUE
"beard",2,TRUE
"rtpolice",2,TRUE
"sees",2,TRUE
"progressive",2,TRUE
"crashburnenron",2,TRUE
"justbillion",2,TRUE
"rtubers",2,TRUE
"korean",2,TRUE
"beenie",2,TRUE
"lear",2,TRUE
"ltltlt",2,TRUE
"neighborhoods",2,TRUE
"rtadvan",2,TRUE
"gym",2,TRUE
"fantastic",2,TRUE
"distriing",2,TRUE
"emt",2,TRUE
"involving",2,TRUE
"kno",2,TRUE
"maslany",2,TRUE
"tatiana",2,TRUE
"aestic",2,TRUE
"forum",2,TRUE
"tempted",2,TRUE
"timemins",2,TRUE
"admitted",2,TRUE
"direction",2,TRUE
"opposite",2,TRUE
"gifted",2,TRUE
"paypal",2,TRUE
"harassed",2,TRUE
"ridei",2,TRUE
"rthalf",2,TRUE
"solicit",2,TRUE
"shaken",2,TRUE
"reservations",2,TRUE
"hiding",2,TRUE
"chest",2,TRUE
"properly",2,TRUE
"junk",2,TRUE
"bounds",2,TRUE
"northampton",2,TRUE
"satisfaction",2,TRUE
"brain",2,TRUE
"clue",2,TRUE
"duty",2,TRUE
"folk",2,TRUE
"responding",2,TRUE
"rtheywhy",2,TRUE
"hip",2,TRUE
"mike",2,TRUE
"rttom",2,TRUE
"tfls",2,TRUE
"reached",2,TRUE
"slept",2,TRUE
"wcw",2,TRUE
"sides",2,TRUE
"downstairs",2,TRUE
"humming",2,TRUE
"auto",2,TRUE
"rthe",2,TRUE
"openly",2,TRUE
"racists",2,TRUE
"contentmarketing",2,TRUE
"mastering",2,TRUE
"nativeadvertisingtech",2,TRUE
"americans",2,TRUE
"ryan",2,TRUE
"pursuing",2,TRUE
"rtfederal",2,TRUE
"writes",2,TRUE
"swervin",2,TRUE
"reducing",2,TRUE
"rtlooking",2,TRUE
"tidbits",2,TRUE
"incident",2,TRUE
"rac",2,TRUE
"riverside",2,TRUE
"rtrt",2,TRUE
"viral",2,TRUE
"ironyjewish",2,TRUE
"reduce",2,TRUE
"religious",2,TRUE
"competes",2,TRUE
"positive",2,TRUE
"impossible",2,TRUE
"reverse",2,TRUE
"teenagers",2,TRUE
"talkin",2,TRUE
"throw",2,TRUE
"bouta",2,TRUE
"problematic",2,TRUE
"solicited",2,TRUE
"worksindependent",2,TRUE
"disguises",2,TRUE
"increa",2,TRUE
"cockiness",2,TRUE
"confidence",2,TRUE
"awesomemy",2,TRUE
"ghajinikanthhad",2,TRUE
"happeningteam",2,TRUE
"rtromantic",2,TRUE
"suspension",2,TRUE
"letting",2,TRUE
"flex",2,TRUE
"ows",2,TRUE
"bostonget",2,TRUE
"righti",2,TRUE
"rely",2,TRUE
"rtanyway",2,TRUE
"bosses",2,TRUE
"lighter",2,TRUE
"elevate",2,TRUE
"rtweve",2,TRUE
"leo",2,TRUE
"millennial",2,TRUE
"streaming",2,TRUE
"brave",2,TRUE
"abysmal",2,TRUE
"client",2,TRUE
"itwe",2,TRUE
"ethical",2,TRUE
"moral",2,TRUE
"ground",2,TRUE
"energy",2,TRUE
"apartments",2,TRUE
"eye",2,TRUE
"idiot",2,TRUE
"chart",2,TRUE
"bubbles",2,TRUE
"powered",2,TRUE
"casebreitbartbreitbart",2,TRUE
"modesto",2,TRUE
"hardb",2,TRUE
"taiwanese",2,TRUE
"uberpromo",2,TRUE
"rocks",2,TRUE
"hackers",2,TRUE
"sold",2,TRUE
"foot",2,TRUE
"apt",2,TRUE
"bloody",2,TRUE
"lyftlike",2,TRUE
"arrange",2,TRUE
"cow",2,TRUE
"eaten",2,TRUE
"bringing",2,TRUE
"fried",2,TRUE
"liar",2,TRUE
"continues",2,TRUE
"perfectly",2,TRUE
"goals",2,TRUE
"mfs",2,TRUE
"remake",2,TRUE
"rare",2,TRUE
"goptaxscam",2,TRUE
"rtya",2,TRUE
"pai",2,TRUE
"exhausted",2,TRUE
"inna",2,TRUE
"roscoes",2,TRUE
"mint",2,TRUE
"politics",2,TRUE
"wank",2,TRUE
"cam",2,TRUE
"lowkey",2,TRUE
"rtthank",2,TRUE
"several",2,TRUE
"itsdegrees",2,TRUE
"lubbock",2,TRUE
"chickfila",2,TRUE
"signing",2,TRUE
"comments",2,TRUE
"hoped",2,TRUE
"ford",2,TRUE
"shirt",2,TRUE
"proposed",2,TRUE
"globy",2,TRUE
"riskybusiness",2,TRUE
"eadie",2,TRUE
"insinuate",2,TRUE
"portrayed",2,TRUE
"rtcoun",2,TRUE
"malin",2,TRUE
"swansea",2,TRUE
"nearby",2,TRUE
"rtchamath",2,TRUE
"assume",2,TRUE
"fiat",2,TRUE
"rolls",2,TRUE
"kittens",2,TRUE
"democrats",2,TRUE
"bday",2,TRUE
"plenty",2,TRUE
"houston",2,TRUE
"bernardino",2,TRUE
"juicecrew",2,TRUE
"needmake",2,TRUE
"optiongoldjuice",2,TRUE
"partnersupplement",2,TRUE
"realised",2,TRUE
"akastars",2,TRUE
"celebs",2,TRUE
"nochillinmzansi",2,TRUE
"satafrika",2,TRUE
"cambridge",2,TRUE
"holl",2,TRUE
"rtcharles",2,TRUE
"suspensions",2,TRUE
"bitchas",2,TRUE
"females",2,TRUE
"loyalty",2,TRUE
"nun",2,TRUE
"rtrule",2,TRUE
"waysif",2,TRUE
"rad",2,TRUE
"retweeted",2,TRUE
"pnk",2,TRUE
"guru",2,TRUE
"unity",2,TRUE
"compete",2,TRUE
"investi",2,TRUE
"ain",2,TRUE
"phase",2,TRUE
"march",2,TRUE
"takingin",2,TRUE
"chooses",2,TRUE
"gomiles",2,TRUE
"ree",2,TRUE
"crosswalk",2,TRUE
"steven",2,TRUE
"hails",2,TRUE
"soooooo",2,TRUE
"apound",2,TRUE
"nugs",2,TRUE
"purse",2,TRUE
"firstrides",2,TRUE
"obvious",2,TRUE
"shaming",2,TRUE
"slut",2,TRUE
"taxicab",2,TRUE
"sounding",2,TRUE
"smad",2,TRUE
"selected",2,TRUE
"detail",2,TRUE
"rtsurge",2,TRUE
"apples",2,TRUE
"patch",2,TRUE
"nut",2,TRUE
"borrow",2,TRUE
"congressman",2,TRUE
"makesa",2,TRUE
"mattgaetz",2,TRUE
"rtmaybe",2,TRUE
"taxpayer",2,TRUE
"traitor",2,TRUE
"backwards",2,TRUE
"pinter",2,TRUE
"focusing",2,TRUE
"mix",2,TRUE
"strange",2,TRUE
"rtsays",2,TRUE
"anyday",2,TRUE
"nail",2,TRUE
"raleigh",2,TRUE
"tourists",2,TRUE
"bragging",2,TRUE
"hide",2,TRUE
"rapy",2,TRUE
"pennsylvania",2,TRUE
"lmaoo",2,TRUE
"mansplaining",2,TRUE
"adopt",2,TRUE
"adollar",2,TRUE
"rtbruh",2,TRUE
"avideopicking",2,TRUE
"digger",2,TRUE
"messing",2,TRUE
"anorhour",2,TRUE
"muppetfine",2,TRUE
"key",2,TRUE
"speaks",2,TRUE
"feedly",2,TRUE
"sushi",2,TRUE
"legs",2,TRUE
"rite",2,TRUE
"majorsaving",2,TRUE
"sort",2,TRUE
"congestion",2,TRUE
"hingyork",2,TRUE
"rtyippee",2,TRUE
"upstartthing",2,TRUE
"jumping",2,TRUE
"frie",2,TRUE
"spicy",2,TRUE
"asia",2,TRUE
"debit",2,TRUE
"ham",2,TRUE
"omfg",2,TRUE
"led",2,TRUE
"isl",2,TRUE
"staring",2,TRUE
"international",2,TRUE
"wings",2,TRUE
"thatstechnology",2,TRUE
"century",2,TRUE
"jello",2,TRUE
"bullish",2,TRUE
"handle",2,TRUE
"byminute",2,TRUE
"providers",2,TRUE
"martial",2,TRUE
"training",2,TRUE
"subject",2,TRUE
"thrown",2,TRUE
"prevail",2,TRUE
"bond",2,TRUE
"lorde",2,TRUE
"rihanna",2,TRUE
"universal",2,TRUE
"deleting",2,TRUE
"retrieve",2,TRUE
"gardentopmost",2,TRUE
"philadelphianbcphiladelphia",2,TRUE
"johns",2,TRUE
"yikes",2,TRUE
"setup",2,TRUE
"elegant",2,TRUE
"whirlwind",2,TRUE
"react",2,TRUE
"laura",2,TRUE
"tradition",2,TRUE
"duis",2,TRUE
"benchmark",2,TRUE
"presentation",2,TRUE
"nigi",2,TRUE
"rtscal",2,TRUE
"uotawards",2,TRUE
"joints",2,TRUE
"payday",2,TRUE
"likeso",2,TRUE
"retarded",2,TRUE
"goodbye",2,TRUE
"reminded",2,TRUE
"yelled",2,TRUE
"fts",2,TRUE
"lid",2,TRUE
"although",2,TRUE
"lied",2,TRUE
"bannon",2,TRUE
"entry",2,TRUE
"disappointed",2,TRUE
"express",2,TRUE
"citycommute",2,TRUE
"differences",2,TRUE
"safer",2,TRUE
"boise",2,TRUE
"encounters",2,TRUE
"impor",2,TRUE
"memorable",2,TRUE
"mistaken",2,TRUE
"rtoregon",2,TRUE
"chipotle",2,TRUE
"debating",2,TRUE
"captain",2,TRUE
"sponsored",2,TRUE
"creates",2,TRUE
"inventory",2,TRUE
"rtamazon",2,TRUE
"stores",2,TRUE
"manminute",2,TRUE
"riden",2,TRUE
"boeing",2,TRUE
"everett",2,TRUE
"factory",2,TRUE
"arrogant",2,TRUE
"condescending",2,TRUE
"patrick",2,TRUE
"stereo",2,TRUE
"gain",2,TRUE
"liquidity",2,TRUE
"congrats",2,TRUE
"stockings",2,TRUE
"portrait",2,TRUE
"drown",2,TRUE
"drowning",2,TRUE
"heardsing",2,TRUE
"torture",2,TRUE
"oil",2,TRUE
"virgin",2,TRUE
"gurl",2,TRUE
"spike",2,TRUE
"ages",2,TRUE
"newsyork",2,TRUE
"torontobbc",2,TRUE
"choices",2,TRUE
"cubs",2,TRUE
"hitting",2,TRUE
"furrmths",2,TRUE
"furrwomen",2,TRUE
"danger",2,TRUE
"auckl",2,TRUE
"leaning",2,TRUE
"cakeseveryday",2,TRUE
"cakesnouveau",2,TRUE
"christmasnew",2,TRUE
"promotionget",2,TRUE
"serial",2,TRUE
"matrix",2,TRUE
"hoe",2,TRUE
"disability",2,TRUE
"ian",2,TRUE
"bought",2,TRUE
"cocainevia",2,TRUE
"leftvoicemails",2,TRUE
"numerous",2,TRUE
"pat",2,TRUE
"society",2,TRUE
"manfor",2,TRUE
"crime",2,TRUE
"rttonights",2,TRUE
"processing",2,TRUE
"deliveryonly",2,TRUE
"virtual",2,TRUE
"regularly",2,TRUE
"schedule",2,TRUE
"teardown",2,TRUE
"visited",2,TRUE
"hires",2,TRUE
"slick",2,TRUE
"bottled",2,TRUE
"tove",2,TRUE
"ups",2,TRUE
"nowi",2,TRUE
"uni",2,TRUE
"poorer",2,TRUE
"hookup",2,TRUE
"chaos",2,TRUE
"fired",2,TRUE
"clt",2,TRUE
"thurs",2,TRUE
"choo",2,TRUE
"jump",2,TRUE
"bros",2,TRUE
"dam",2,TRUE
"loves",2,TRUE
"bountiescybersecurity",2,TRUE
"aka",2,TRUE
"machado",2,TRUE
"often",2,TRUE
"responses",2,TRUE
"completed",2,TRUE
"fulfilling",2,TRUE
"agency",2,TRUE
"trap",2,TRUE
"accompanying",2,TRUE
"graphics",2,TRUE
"hint",2,TRUE
"blamed",2,TRUE
"pranked",2,TRUE
"sesame",2,TRUE
"cliff",2,TRUE
"lunch",2,TRUE
"clns",2,TRUE
"hillary",2,TRUE
"flambert",2,TRUE
"coinbase",2,TRUE
"diff",2,TRUE
"flowing",2,TRUE
"massively",2,TRUE
"nee",2,TRUE
"vape",2,TRUE
"rtripple",2,TRUE
"cus",2,TRUE
"weight",2,TRUE
"tut",2,TRUE
"grace",2,TRUE
"subsidiary",2,TRUE
"submit",2,TRUE
"driverstar",2,TRUE
"products",2,TRUE
"rtcustomers",2,TRUE
"specificy",2,TRUE
"hannah",2,TRUE
"application",2,TRUE
"adapting",2,TRUE
"comtable",2,TRUE
"sympathy",2,TRUE
"omaha",2,TRUE
"spendingon",2,TRUE
"farof",2,TRUE
"respondents",2,TRUE
"clos",2,TRUE
"pack",2,TRUE
"potential",2,TRUE
"map",2,TRUE
"playlist",2,TRUE
"reviewing",2,TRUE
"pizza",2,TRUE
"ridesridestotalcredit",2,TRUE
"grmor",2,TRUE
"ame",2,TRUE
"daughters",2,TRUE
"reimburse",2,TRUE
"werent",2,TRUE
"loot",2,TRUE
"coke",2,TRUE
"isin",2,TRUE
"purchased",2,TRUE
"bashing",2,TRUE
"councilman",2,TRUE
"rodriguez",2,TRUE
"ydanis",2,TRUE
"award",2,TRUE
"winnipeggers",2,TRUE
"growth",2,TRUE
"moose",2,TRUE
"sale",2,TRUE
"meha",2,TRUE
"property",2,TRUE
"exposing",2,TRUE
"fitandproper",2,TRUE
"rapeisreal",2,TRUE
"mystic",2,TRUE
"rtsee",2,TRUE
"spare",2,TRUE
"affectcanadians",2,TRUE
"austerity",2,TRUE
"inflation",2,TRUE
"murray",2,TRUE
"rtcatastrophic",2,TRUE
"anin",2,TRUE
"fabulous",2,TRUE
"web",2,TRUE
"rtsusan",2,TRUE
"invest",2,TRUE
"gigangticsavings",2,TRUE
"pocket",2,TRUE
"groceries",2,TRUE
"polling",2,TRUE
"milk",2,TRUE
"alabama",2,TRUE
"ridespglife",2,TRUE
"spg",2,TRUE
"starwood",2,TRUE
"takeoff",2,TRUE
"coxk",2,TRUE
"dickhe",2,TRUE
"sucking",2,TRUE
"thick",2,TRUE
"decemberto",2,TRUE
"driversveh",2,TRUE
"november",2,TRUE
"yearcomplaints",2,TRUE
"fing",2,TRUE
"cardiff",2,TRUE
"birdie",2,TRUE
"edge",2,TRUE
"resolution",2,TRUE
"generous",2,TRUE
"alternatives",2,TRUE
"perm",2,TRUE
"devil",2,TRUE
"confidenti",2,TRUE
"groovy",2,TRUE
"inim",2,TRUE
"pis",2,TRUE
"irrelevant",2,TRUE
"apocalypto",2,TRUE
"gibsons",2,TRUE
"mayan",2,TRUE
"rtmel",2,TRUE
"sacrificial",2,TRUE
"slaughter",2,TRUE
"spendon",2,TRUE
"difficulty",2,TRUE
"median",2,TRUE
"legends",2,TRUE
"correctte",2,TRUE
"expensi",2,TRUE
"anonymous",2,TRUE
"quotes",2,TRUE
"reader",2,TRUE
"sellan",2,TRUE
"familiar",2,TRUE
"collect",2,TRUE
"note",2,TRUE
"unique",2,TRUE
"exam",2,TRUE
"relaxed",2,TRUE
"jazzy",2,TRUE
"tracks",2,TRUE
"flames",2,TRUE
"bakersfield",2,TRUE
"rode",2,TRUE
"tragic",2,TRUE
"millions",2,TRUE
"suppose",2,TRUE
"cologne",2,TRUE
"nauseating",2,TRUE
"attacks",2,TRUE
"con",2,TRUE
"cargo",2,TRUE
"daughterssons",2,TRUE
"disabilities",2,TRUE
"persons",2,TRUE
"rtdrivers",2,TRUE
"visionh",2,TRUE
"anythingsaid",2,TRUE
"promised",2,TRUE
"recommendati",2,TRUE
"daniels",2,TRUE
"figures",2,TRUE
"rtwhats",2,TRUE
"salary",2,TRUE
"permance",2,TRUE
"powerful",2,TRUE
"arating",2,TRUE
"rear",2,TRUE
"allegedly",2,TRUE
"sparkles",2,TRUE
"jolly",2,TRUE
"votes",2,TRUE
"citing",2,TRUE
"bills",2,TRUE
"rtheyif",2,TRUE
"lyftuse",2,TRUE
"disappoint",2,TRUE
"lips",2,TRUE
"parted",2,TRUE
"assured",2,TRUE
"com",2,TRUE
"driversng",2,TRUE
"remittance",2,TRUE
"cancellations",2,TRUE
"saysmin",2,TRUE
"geez",2,TRUE
"coat",2,TRUE
"stream",2,TRUE
"stood",2,TRUE
"fortnite",2,TRUE
"peace",2,TRUE
"anniversary",2,TRUE
"counsel",2,TRUE
"focused",2,TRUE
"knowhas",2,TRUE
"thrumaps",2,TRUE
"talkative",2,TRUE
"hollywood",2,TRUE
"mommy",2,TRUE
"rtlast",2,TRUE
"hooks",2,TRUE
"npr",2,TRUE
"claire",2,TRUE
"licences",2,TRUE
"assistance",2,TRUE
"penis",2,TRUE
"barcelona",2,TRUE
"berlin",2,TRUE
"marcus",2,TRUE
"depends",2,TRUE
"abusing",2,TRUE
"hat",2,TRUE
"rva",2,TRUE
"bitfinexis",2,TRUE
"cooperating",2,TRUE
"wohooo",2,TRUE
"initiy",2,TRUE
"resume",2,TRUE
"fresno",2,TRUE
"burn",2,TRUE
"fields",2,TRUE
"bath",2,TRUE
"secure",2,TRUE
"avideoblonde",2,TRUE
"clickbait",2,TRUE
"flashes",2,TRUE
"savage",2,TRUE
"trynna",2,TRUE
"rtabout",2,TRUE
"girlfriend",2,TRUE
"limit",2,TRUE
"pet",2,TRUE
"alive",2,TRUE
"boo",2,TRUE
"losangeles",2,TRUE
"mediacom",2,TRUE
"events",2,TRUE
"detroit",2,TRUE
"karina",2,TRUE
"wet",2,TRUE
"fellas",2,TRUE
"qldpol",2,TRUE
"rthiyet",2,TRUE
"sam",2,TRUE
"aprilmay",2,TRUE
"discussing",2,TRUE
"ditched",2,TRUE
"rting",2,TRUE
"changenope",2,TRUE
"ifying",2,TRUE
"rtnetflix",2,TRUE
"another",2,TRUE
"rtunconfirmed",2,TRUE
"bplays",2,TRUE
"drummers",2,TRUE
"areknow",2,TRUE
"greeted",2,TRUE
"ponder",2,TRUE
"rtgentleman",2,TRUE
"cheers",2,TRUE
"bentsystem",2,TRUE
"chumocracy",2,TRUE
"defence",2,TRUE
"rtday",2,TRUE
"witness",2,TRUE
"nhs",2,TRUE
"rtstred",2,TRUE
"competitor",2,TRUE
"delavin",2,TRUE
"gal",2,TRUE
"kisses",2,TRUE
"pleasant",2,TRUE
"rtmakeup",2,TRUE
"sta",2,TRUE
"barred",2,TRUE
"doctored",2,TRUE
"rail",2,TRUE
"reduced",2,TRUE
"series",2,TRUE
"height",2,TRUE
"aramco",2,TRUE
"rtsaudi",2,TRUE
"kentucky",2,TRUE
"coaching",2,TRUE
"drawn",2,TRUE
"relicensing",2,TRUE
"passing",2,TRUE
"texting",2,TRUE
"young",2,TRUE
"wasting",2,TRUE
"awaywait",2,TRUE
"cancelation",2,TRUE
"rtthesedrivers",2,TRUE
"quote",2,TRUE
"bash",2,TRUE
"rtnews",2,TRUE
"grant",2,TRUE
"answered",2,TRUE
"communication",2,TRUE
"streamlined",2,TRUE
"artificialintelligence",2,TRUE
"doomsday",2,TRUE
"skynet",2,TRUE
"terminator",2,TRUE
"nonmuslim",2,TRUE
"shops",2,TRUE
"updates",2,TRUE
"locate",2,TRUE
"ideas",2,TRUE
"sel",2,TRUE
"jacks",2,TRUE
"lame",2,TRUE
"tolls",2,TRUE
"rubbish",2,TRUE
"stripper",2,TRUE
"nasty",2,TRUE
"cris",2,TRUE
"deplorable",2,TRUE
"homemade",2,TRUE
"rtterrorist",2,TRUE
"sets",2,TRUE
"bag",2,TRUE
"alquds",2,TRUE
"israel",2,TRUE
"palestinian",2,TRUE
"fil",2,TRUE
"rthumans",2,TRUE
"geezer",2,TRUE
"wired",2,TRUE
"braking",2,TRUE
"instructions",2,TRUE
"hyped",2,TRUE
"horny",2,TRUE
"akayed",2,TRUE
"commission",2,TRUE
"ullah",2,TRUE
"somethin",2,TRUE
"bangalore",2,TRUE
"laptop",2,TRUE
"countyget",2,TRUE
"rtvisiting",2,TRUE
"statebusiness",2,TRUE
"dasget",2,TRUE
"statebusinessnews",2,TRUE
"arizonataxi",2,TRUE
"packs",2,TRUE
"statenews",2,TRUE
"nycterror",2,TRUE
"pickups",2,TRUE
"kitty",2,TRUE
"prank",2,TRUE
"rtok",2,TRUE
"likeon",2,TRUE
"usecases",2,TRUE
"table",2,TRUE
"goodnews",2,TRUE
"dance",2,TRUE
"inbox",2,TRUE
"harry",2,TRUE
"potter",2,TRUE
"hockey",2,TRUE
"illegy",2,TRUE
"parked",2,TRUE
"cast",2,TRUE
"rtyet",2,TRUE
"rtaye",2,TRUE
"bottles",2,TRUE
"hackedscammed",2,TRUE
"surcharged",2,TRUE
"argument",2,TRUE
"promising",2,TRUE
"hook",2,TRUE
"payingto",2,TRUE
"continuing",2,TRUE
"rthing",2,TRUE
"scarier",2,TRUE
"urn",2,TRUE
"lauren",2,TRUE
"yem",2,TRUE
"indianapolis",2,TRUE
"havana",2,TRUE
"viauber",2,TRUE
"driversign",2,TRUE
"referring",2,TRUE
"treating",2,TRUE
"infosec",2,TRUE
"gelato",2,TRUE
"orwise",2,TRUE
"reimbursements",2,TRUE
"invited",2,TRUE
"throughout",2,TRUE
"investigating",2,TRUE
"indays",2,TRUE
"atl",2,TRUE
"minicabs",2,TRUE
"preadatory",2,TRUE
"pricingrapistblack",2,TRUE
"tourist",2,TRUE
"heartbreaking",2,TRUE
"admits",2,TRUE
"vast",2,TRUE
"rthannibal",2,TRUE
"bylast",2,TRUE
"fareish",2,TRUE
"rtoutrageous",2,TRUE
"wasretweet",2,TRUE
"seeks",2,TRUE
"valuation",2,TRUE
"calis",2,TRUE
"circuit",2,TRUE
"maddening",2,TRUE
"cheese",2,TRUE
"sauce",2,TRUE
"dear",2,TRUE
"cunt",2,TRUE
"knockout",2,TRUE
"carly",2,TRUE
"gifts",2,TRUE
"complained",2,TRUE
"tht",2,TRUE
"jams",2,TRUE
"pal",2,TRUE
"foryears",2,TRUE
"pelosi",2,TRUE
"represented",2,TRUE
"careem",2,TRUE
"preach",2,TRUE
"mvp",2,TRUE
"props",2,TRUE
"refer",2,TRUE
"frener",2,TRUE
"era",2,TRUE
"desperate",2,TRUE
"blood",2,TRUE
"instincts",2,TRUE
"rthorrificexperience",2,TRUE
"situat",2,TRUE
"malcolm",2,TRUE
"observation",2,TRUE
"dudes",2,TRUE
"presence",2,TRUE
"disneyl",2,TRUE
"rebate",2,TRUE
"efficient",2,TRUE
"screw",2,TRUE
"todaybad",2,TRUE
"lap",2,TRUE
"screws",2,TRUE
"shannon",2,TRUE
"bummer",2,TRUE
"cubao",2,TRUE
"include",2,TRUE
"baseb",2,TRUE
"maine",2,TRUE
"meter",2,TRUE
"drops",2,TRUE
"universe",2,TRUE
"bigs",2,TRUE
"djget",2,TRUE
"throws",2,TRUE
"togive",2,TRUE
"teamtala",2,TRUE
"writing",2,TRUE
"sean",2,TRUE
"rtlabatt",2,TRUE
"dyott",2,TRUE
"flies",2,TRUE
"punters",2,TRUE
"southbound",2,TRUE
"utter",2,TRUE
"trusting",2,TRUE
"cartel",2,TRUE
"criminalcartel",2,TRUE
"operator",2,TRUE
"miro",2,TRUE
"seoul",2,TRUE
"winston",2,TRUE
"rtearlier",2,TRUE
"flirty",2,TRUE
"ourbearsqa",2,TRUE
"surely",2,TRUE
"rtgoodmorning",2,TRUE
"appreciation",2,TRUE
"craspacks",2,TRUE
"unlockridecredit",2,TRUE
"fave",2,TRUE
"noooo",2,TRUE
"dock",2,TRUE
"ofs",2,TRUE
"towner",2,TRUE
"wonders",2,TRUE
"luckily",2,TRUE
"billboard",2,TRUE
"blockedjust",2,TRUE
"ensure",2,TRUE
"rtheyi",2,TRUE
"summin",2,TRUE
"everywhere",2,TRUE
"appealso",2,TRUE
"rtcourt",2,TRUE
"scenario",2,TRUE
"ulwell",2,TRUE
"dedicated",2,TRUE
"snowdazeee",2,TRUE
"hampstead",2,TRUE
"rttfl",2,TRUE
"freakin",2,TRUE
"whys",2,TRUE
"mutts",2,TRUE
"reimbursement",2,TRUE
"saturdayim",2,TRUE
"rtwaiting",2,TRUE
"towhich",2,TRUE
"spying",2,TRUE
"tree",2,TRUE
"featur",2,TRUE
"sorority",2,TRUE
"terrifying",2,TRUE
"barber",2,TRUE
"travelled",2,TRUE
"cha",2,TRUE
"bra",2,TRUE
"nutcracker",2,TRUE
"creator",2,TRUE
"fewer",2,TRUE
"guidelines",2,TRUE
"everytime",2,TRUE
"bobby",2,TRUE
"browns",2,TRUE
"filth",2,TRUE
"interestingexperience",2,TRUE
"tripwhen",2,TRUE
"creditfree",2,TRUE
"kisssxs",2,TRUE
"roadcant",2,TRUE
"todayanoroff",2,TRUE
"begrudge",2,TRUE
"labor",2,TRUE
"convenience",2,TRUE
"sued",2,TRUE
"chronicy",2,TRUE
"illgrad",2,TRUE
"ononly",2,TRUE
"studentsteacs",2,TRUE
"wealthythose",2,TRUE
"inmed",2,TRUE
"afte",2,TRUE
"palm",2,TRUE
"indy",2,TRUE
"rtreading",2,TRUE
"rtpull",2,TRUE
"stoppin",2,TRUE
"tonightxrhodekill",2,TRUE
"lagos",2,TRUE
"yall",2,TRUE
"ben",2,TRUE
"slides",2,TRUE
"wever",2,TRUE
"suicide",2,TRUE
"verge",2,TRUE
"bites",2,TRUE
"detre",2,TRUE
"disruptive",2,TRUE
"raison",2,TRUE
"technogysimilar",2,TRUE
"surged",2,TRUE
"austin",2,TRUE
"digital",2,TRUE
"antwoord",2,TRUE
"raves",2,TRUE
"funnest",2,TRUE
"bindvia",2,TRUE
"victimtech",2,TRUE
"funkadelic",2,TRUE
"dunham",2,TRUE
"dating",2,TRUE
"fry",2,TRUE
"hmu",2,TRUE
"nigeria",2,TRUE
"rtnigeria",2,TRUE
"emigrating",2,TRUE
"onbecomamazon",2,TRUE
"donate",2,TRUE
"plasma",2,TRUE
"atwhen",2,TRUE
"homere",2,TRUE
"tag",2,TRUE
"rockingout",2,TRUE
"robots",2,TRUE
"rtlessnough",2,TRUE
"increases",2,TRUE
"pronounced",2,TRUE
"wuttttt",2,TRUE
"pilot",2,TRUE
"longgggggg",2,TRUE
"makers",2,TRUE
"row",2,TRUE
"preference",2,TRUE
"cancelling",2,TRUE
"funtimesmygussiedupsnowgirl",2,TRUE
"iny",2,TRUE
"quit",2,TRUE
"mystro",2,TRUE
"tap",2,TRUE
"victimgadgets",2,TRUE
"fox",2,TRUE
"existed",2,TRUE
"gary",2,TRUE
"shirts",2,TRUE
"predict",2,TRUE
"decent",2,TRUE
"rtafter",2,TRUE
"startedi",2,TRUE
"ming",2,TRUE
"homewhile",2,TRUE
"ininches",2,TRUE
"snowwhich",2,TRUE
"headphs",2,TRUE
"victimvia",2,TRUE
"davids",2,TRUE
"limousines",2,TRUE
"eatsdamn",2,TRUE
"strawberry",2,TRUE
"robbery",2,TRUE
"getty",2,TRUE
"monica",2,TRUE
"provided",2,TRUE
"roasting",2,TRUE
"amb",2,TRUE
"cyclist",2,TRUE
"gracechurch",2,TRUE
"rtthursday",2,TRUE
"willliam",2,TRUE
"medicine",2,TRUE
"recordscnetgeekynurture",2,TRUE
"melbourne",2,TRUE
"outdollars",2,TRUE
"unhelpful",2,TRUE
"hidden",2,TRUE
"attendance",2,TRUE
"decto",2,TRUE
"firstkids",2,TRUE
"spiderman",2,TRUE
"superheronight",2,TRUE
"seasonsolved",2,TRUE
"spliff",2,TRUE
"fixing",2,TRUE
"completing",2,TRUE
"nudes",2,TRUE
"deals",2,TRUE
"forget",2,TRUE
"noise",2,TRUE
"bread",2,TRUE
"verdict",2,TRUE
"astley",2,TRUE
"kaminfo",2,TRUE
"recordscnetinfosec",2,TRUE
"crawl",2,TRUE
"dosent",2,TRUE
"pervert",2,TRUE
"avideouber",2,TRUE
"finish",2,TRUE
"woop",2,TRUE
"implications",2,TRUE
"costco",2,TRUE
"sexting",2,TRUE
"tattoo",2,TRUE
"rtcomtdelgro",2,TRUE
"winning",2,TRUE
"rake",2,TRUE
"worksbig",2,TRUE
"eatschrisybui",2,TRUE
"drill",2,TRUE
"tucson",2,TRUE
"damsel",2,TRUE
"babeglammed",2,TRUE
"makemeblushmua",2,TRUE
"bitcoinatm",2,TRUE
"bwagon",2,TRUE
"housecleaners",2,TRUE
"dirsupt",2,TRUE
"recommend",2,TRUE
"swing",2,TRUE
"delicious",2,TRUE
"silver",2,TRUE
"momma",2,TRUE
"spain",2,TRUE
"fourth",2,TRUE
"paidto",2,TRUE
"arranging",2,TRUE
"classestoday",2,TRUE
"volunteers",2,TRUE
"faulty",2,TRUE
"processes",2,TRUE
"ticking",2,TRUE
"advan",2,TRUE
"rtpure",2,TRUE
"avideoangry",2,TRUE
"matt",2,TRUE
"outreach",2,TRUE
"realized",2,TRUE
"rtuploaded",2,TRUE
"preseed",2,TRUE
"rounds",2,TRUE
"awkwardly",2,TRUE
"brexiters",2,TRUE
"britis",2,TRUE
"dawning",2,TRUE
"realisation",2,TRUE
"factual",2,TRUE
"invoking",2,TRUE
"partisanship",2,TRUE
"politi",2,TRUE
"rtobamas",2,TRUE
"rttonightscode",2,TRUE
"teens",2,TRUE
"notjuice",2,TRUE
"rudolph",2,TRUE
"heartening",2,TRUE
"talkedabo",2,TRUE
"nowe",2,TRUE
"fraudhtt",2,TRUE
"quantum",2,TRUE
"upcape",2,TRUE
"sells",2,TRUE
"demoing",2,TRUE
"ourback",2,TRUE
"todriver",2,TRUE
"evacuating",2,TRUE
"trunk",2,TRUE
"endanger",2,TRUE
"festive",2,TRUE
"orsmake",2,TRUE
"seasondo",2,TRUE
"ukipitishatumiataxi",2,TRUE
"electricity",2,TRUE
"generator",2,TRUE
"rtelements",2,TRUE
"scarcitycant",2,TRUE
"rtlistening",2,TRUE
"rtunsafemillion",2,TRUE
"untrustworthy",2,TRUE
"cells",2,TRUE
"mahiki",2,TRUE
"inch",2,TRUE
